"Time_Iter","Outer_Iter","Inner_Iter",     "rms[P]"     ,     "rms[U]"     ,     "rms[V]"     ,    "RefForce"    ,       "CD"       ,       "CL"       ,       "CSF"      ,       "CMx"      ,       "CMy"      ,       "CMz"      ,       "CFx"      ,       "CFy"      ,       "CFz"      ,      "CEff"      
          0,           0,           0,      -2.219499936,      -16.07423104,      -16.88936516,               0.5,       20.15067716,    5.24537011e-16,                 0,                 0,                 0,  -2.411265632e-16,       20.15067716,    5.24537011e-16,                 0,   2.603073867e-17
          0,           0,           1,      -2.387662482,      -1.628167265,      -2.286510908,               0.5,       13.64386979,   5.438358097e-16,                 0,                 0,                 0,  -7.238133704e-16,       13.64386979,   5.438358097e-16,                 0,   3.985935209e-17
          0,           0,           2,      -2.729438874,      -2.154574359,      -2.541345365,               0.5,       9.138313326,   5.776629175e-16,                 0,                 0,                 0,  -6.105006908e-16,       9.138313326,   5.776629175e-16,                 0,   6.321329735e-17
          0,           0,           3,      -2.783785078,       -2.50756158,      -2.716860986,               0.5,       5.911270326,  -9.172350379e-16,                 0,                 0,                 0,  -2.066489341e-16,       5.911270326,  -9.172350379e-16,                 0,  -1.551671616e-16
          0,           0,           4,      -2.919759009,      -2.631783617,      -2.910662381,               0.5,       3.950282826,   4.729289876e-16,                 0,                 0,                 0,  -2.343502996e-16,       3.950282826,   4.729289876e-16,                 0,   1.197202855e-16
          0,           0,           5,      -3.096501265,      -2.732994595,      -3.032310523,               0.5,       3.106055521,   2.211772432e-16,                 0,                 0,                 0,    -1.9960162e-16,       3.106055521,   2.211772432e-16,                 0,   7.120839975e-17
          0,           0,           6,      -3.263658948,      -2.818243387,      -3.033367282,               0.5,       2.939212951,   1.197758798e-15,                 0,                 0,                 0,  -4.351174369e-16,       2.939212951,   1.197758798e-15,                 0,   4.075100434e-16
          0,           0,           7,      -3.408944737,      -2.931124324,      -3.163853586,               0.5,       3.019805761,   5.831110334e-16,                 0,                 0,                 0,  -3.899333113e-16,       3.019805761,   5.831110334e-16,                 0,   1.930955431e-16
          0,           0,           8,      -3.581092687,      -3.050772434,       -3.31998409,               0.5,       3.091840253,   1.708296048e-16,                 0,                 0,                 0,  -3.934163108e-16,       3.091840253,   1.708296048e-16,                 0,   5.525175651e-17
          0,           0,           9,      -3.749771273,      -3.140234177,      -3.360245096,               0.5,       3.087073796,   2.285227129e-16,                 0,                 0,                 0,  -2.046431601e-16,       3.087073796,   2.285227129e-16,                 0,   7.402567221e-17
          0,           0,          10,      -3.872757023,      -3.221989806,      -3.434878974,               0.5,       3.032183778,  -1.925814109e-16,                 0,                 0,                 0,  -2.665104465e-16,       3.032183778,  -1.925814109e-16,                 0,   -6.35124468e-17
          0,           0,          11,      -4.031116519,      -3.307287301,      -3.568554815,               0.5,       2.969593438,  -1.380189366e-16,                 0,                 0,                 0,  -3.507529553e-16,       2.969593438,  -1.380189366e-16,                 0,  -4.647738468e-17
          0,           0,          12,      -4.199372257,      -3.390604366,      -3.688144813,               0.5,       2.925129925,  -2.377113263e-17,                 0,                 0,                 0,  -8.951444187e-17,       2.925129925,  -2.377113263e-17,                 0,   -8.12652198e-18
          0,           0,          13,      -4.310200568,      -3.476112387,      -3.777098337,               0.5,       2.903435324,  -3.546154256e-16,                 0,                 0,                 0,   -2.79995211e-17,       2.903435324,  -3.546154256e-16,                 0,   -1.22136499e-16
          0,           0,          14,      -4.413622619,      -3.567410908,      -3.868005345,               0.5,       2.897107102,  -9.600610237e-17,                 0,                 0,                 0,  -8.635670304e-17,       2.897107102,  -9.600610237e-17,                 0,     -3.313861e-17
          0,           0,          15,      -4.542072326,      -3.659667258,      -3.958878855,               0.5,       2.897123719,  -2.265440439e-16,                 0,                 0,                 0,  -1.600417932e-16,       2.897123719,  -2.265440439e-16,                 0,  -7.819619247e-17
          0,           0,          16,      -4.656521904,      -3.751128837,      -4.038716838,               0.5,       2.897486458,  -3.240138192e-16,                 0,                 0,                 0,  -3.285132583e-17,       2.897486458,  -3.240138192e-16,                 0,   -1.11825827e-16
          0,           0,          17,      -4.750787015,      -3.844113864,      -4.120881244,               0.5,       2.896188744,  -3.234988232e-16,                 0,                 0,                 0,  -1.603128437e-16,       2.896188744,  -3.234988232e-16,                 0,  -1.116981149e-16
          0,           0,          18,      -4.847351036,      -3.941828419,      -4.215424693,               0.5,        2.89365956,  -1.357150069e-16,                 0,                 0,                 0,  -2.906339449e-16,        2.89365956,  -1.357150069e-16,                 0,  -4.690082027e-17
          0,           0,          19,      -4.956438958,      -4.045352688,      -4.319269556,               0.5,       2.890999205,  -1.244121993e-17,                 0,                 0,                 0,  -1.213899857e-16,       2.890999205,  -1.244121993e-17,                 0,  -4.303432497e-18
          0,           0,          20,      -5.069218163,       -4.15497877,      -4.427393584,               0.5,       2.888954781,   5.565751852e-16,                 0,                 0,                 0,  -1.163077881e-16,       2.888954781,   5.565751852e-16,                 0,   1.926562468e-16
          0,           0,          21,      -5.182211733,      -4.270543434,      -4.539180971,               0.5,       2.887706446,   4.032689981e-16,                 0,                 0,                 0,  -4.554462276e-16,       2.887706446,   4.032689981e-16,                 0,   1.396502746e-16
          0,           0,          22,      -5.300269157,      -4.390976461,      -4.655317063,               0.5,        2.88707176,    3.99772446e-16,                 0,                 0,                 0,  -1.575887858e-16,        2.88707176,    3.99772446e-16,                 0,   1.384698682e-16
          0,           0,          23,      -5.423493149,      -4.514784732,       -4.77492043,               0.5,       2.886765193,   2.900240811e-17,                 0,                 0,                 0,  -4.403216073e-17,       2.886765193,   2.900240811e-17,                 0,   1.004668069e-17
          0,           0,          24,      -5.546691278,      -4.640856514,      -4.897085845,               0.5,       2.886567125,   6.116255506e-16,                 0,                 0,                 0,  -3.110576033e-16,       2.886567125,   6.116255506e-16,                 0,   2.118868275e-16
          0,           0,          25,      -5.669100229,      -4.768666656,      -5.022538075,               0.5,       2.886376055,   1.767520592e-16,                 0,                 0,                 0,  -1.919444421e-16,       2.886376055,   1.767520592e-16,                 0,   6.123667041e-17
          0,           0,          26,      -5.794720534,       -4.89785737,      -5.151824527,               0.5,       2.886180311,   9.115429765e-17,                 0,                 0,                 0,  -1.176494882e-16,       2.886180311,   9.115429765e-17,                 0,   3.158302248e-17
          0,           0,          27,       -5.92447124,      -5.028096907,      -5.283932446,               0.5,       2.886003623,   5.586351694e-17,                 0,                 0,                 0,   4.800305119e-17,       2.886003623,   5.586351694e-17,                 0,   1.935670368e-17
          0,           0,          28,      -6.055426316,      -5.159089958,      -5.417240276,               0.5,       2.885866092,   3.331482226e-16,                 0,                 0,                 0,  -1.943974495e-16,       2.885866092,   3.331482226e-16,                 0,   1.154413309e-16
          0,           0,          29,      -6.187004165,      -5.290478717,      -5.550691143,               0.5,       2.885771624,  -4.458781434e-16,                 0,                 0,                 0,  -1.195332895e-16,       2.885771624,  -4.458781434e-16,                 0,  -1.545091579e-16
          0,           0,          30,      -6.319513708,      -5.421804521,       -5.68359078,               0.5,       2.885711607,  -3.394908053e-16,                 0,                 0,                 0,  -6.262622799e-17,       2.885711607,  -3.394908053e-16,                 0,  -1.176454378e-16
          0,           0,          31,      -6.451392821,      -5.552639178,      -5.815319743,               0.5,       2.885673339,  -6.226844127e-16,                 0,                 0,                 0,     5.2651568e-17,       2.885673339,  -6.226844127e-16,                 0,   -2.15784789e-16
          0,           0,          32,      -6.581019538,      -5.682755621,      -5.945837871,               0.5,       2.885646414,   1.642837342e-16,                 0,                 0,                 0,  -8.844379222e-17,       2.885646414,   1.642837342e-16,                 0,   5.693134592e-17
          0,           0,          33,      -6.709233278,       -5.81215987,      -6.075682593,               0.5,       2.885625014,   5.024734968e-16,                 0,                 0,                 0,  -1.755458843e-16,       2.885625014,   5.024734968e-16,                 0,    1.74129866e-16
          0,           0,          34,      -6.837869639,      -5.941026644,      -6.205286409,               0.5,       2.885607133,   4.819007606e-16,                 0,                 0,                 0,  -2.647892756e-16,       2.885607133,   4.819007606e-16,                 0,   1.670015142e-16
          0,           0,          35,      -6.966340755,      -6.069600112,      -6.334674957,               0.5,       2.885592599,   5.047503214e-16,                 0,                 0,                 0,    -3.6804598e-16,       2.885592599,   5.047503214e-16,                 0,   1.749208539e-16
          0,           0,          36,      -7.093726148,      -6.198069639,      -6.463725495,               0.5,       2.885581485,   4.179599375e-16,                 0,                 0,                 0,  -2.737339435e-16,       2.885581485,   4.179599375e-16,                 0,   1.448442678e-16
          0,           0,          37,      -7.221346364,      -6.326520025,      -6.592405142,               0.5,       2.885573471,   1.242224639e-16,                 0,                 0,                 0,   2.172470103e-17,       2.885573471,   1.242224639e-16,                 0,   4.304948917e-17
          0,           0,          38,      -7.349333277,      -6.454981975,       -6.72067033,               0.5,       2.885567886,   1.409462824e-16,                 0,                 0,                 0,  -7.243825765e-17,       2.885567886,   1.409462824e-16,                 0,   4.884524918e-17
          0,           0,          39,      -7.476197628,      -6.583420301,      -6.848556202,               0.5,       2.885563979,    5.90890184e-18,                 0,                 0,                 0,  -1.939366636e-16,       2.885563979,    5.90890184e-18,                 0,   2.047745912e-18
          0,           0,          40,      -7.601397431,      -6.711788138,      -6.976333077,               0.5,       2.885561139,  -1.997642503e-16,                 0,                 0,                 0,  -1.799911132e-16,       2.885561139,  -1.997642503e-16,                 0,  -6.922890927e-17
          0,           0,          41,      -7.726603219,      -6.840089893,      -7.104261033,               0.5,       2.885558979,  -2.099828558e-16,                 0,                 0,                 0,  -9.589768216e-17,       2.885558979,  -2.099828558e-16,                 0,  -7.277025259e-17
          0,           0,          42,      -7.852431179,      -6.968413548,      -7.232453003,               0.5,       2.885557299,   3.125483813e-16,                 0,                 0,                 0,  -1.292775565e-16,       2.885557299,   3.125483813e-16,                 0,   1.083147375e-16
          0,           0,          43,      -7.976839914,      -7.096814423,       -7.36089527,               0.5,       2.885556002,   9.443400922e-17,                 0,                 0,                 0,  -3.683712406e-16,       2.885556002,   9.443400922e-17,                 0,   3.272645174e-17
          0,           0,          44,      -8.100004258,      -7.225273056,      -7.489493298,               0.5,       2.885555024,  -8.310409652e-17,                 0,                 0,                 0,   -9.77137208e-17,       2.885555024,  -8.310409652e-17,                 0,  -2.880003876e-17
          0,           0,          45,      -8.223756761,      -7.353788255,        -7.6181238,               0.5,       2.885554305,   4.663153544e-16,                 0,                 0,                 0,  -9.596544479e-17,       2.885554305,   4.663153544e-16,                 0,   1.616033888e-16
          0,           0,          46,      -8.347522119,      -7.482367217,      -7.746652493,               0.5,       2.885553785,   7.455245189e-16,                 0,                 0,                 0,  -1.348611977e-16,       2.885553785,   7.455245189e-16,                 0,   2.583644508e-16
          0,           0,          47,      -8.468678406,      -7.610955036,      -7.875049913,               0.5,       2.885553407,   4.929054127e-16,                 0,                 0,                 0,  -2.537981761e-16,       2.885553407,   4.929054127e-16,                 0,   1.708183295e-16
          0,           0,          48,      -8.588247539,      -7.739446265,      -8.003385875,               0.5,       2.885553129,   5.625925073e-16,                 0,                 0,                 0,  -2.860802957e-16,       2.885553129,   5.625925073e-16,                 0,   1.949686879e-16
          0,           0,          49,       -8.70807199,      -7.867887624,      -8.131708123,               0.5,        2.88555292,   2.659005828e-17,                 0,                 0,                 0,  -1.465570287e-16,        2.88555292,   2.659005828e-17,                 0,   9.214891917e-18
          0,           0,          50,      -8.827249316,      -7.996331122,      -8.260073409,               0.5,       2.885552762,     1.9461429e-17,                 0,                 0,                 0,  -3.310069233e-16,       2.885552762,     1.9461429e-17,                 0,   6.744437062e-18
          0,           0,          51,      -8.942795009,      -8.124798708,      -8.388464667,               0.5,       2.885552643,  -1.573177352e-16,                 0,                 0,                 0,  -1.843008168e-16,       2.885552643,  -1.573177352e-16,                 0,  -5.451910074e-17
          0,           0,          52,      -9.057293291,      -8.253192844,      -8.516822771,               0.5,       2.885552554,    9.24282352e-17,                 0,                 0,                 0,   -5.49961552e-17,       2.885552554,    9.24282352e-17,                 0,   3.203138168e-17
          0,           0,          53,      -9.172051527,      -8.381621351,      -8.645159715,               0.5,       2.885552488,  -3.496552006e-18,                 0,                 0,                 0,  -1.330858167e-16,       2.885552488,  -3.496552006e-18,                 0,  -1.211744379e-18
          0,           0,          54,      -9.285049713,      -8.510080554,        -8.7734183,               0.5,       2.885552439,   1.349560654e-16,                 0,                 0,                 0,   1.591066688e-17,       2.885552439,   1.349560654e-16,                 0,   4.676957645e-17
          0,           0,          55,      -9.394162918,      -8.638553212,      -8.901544873,               0.5,       2.885552404,   3.513086089e-16,                 0,                 0,                 0,   -1.30266891e-16,       2.885552404,   3.513086089e-16,                 0,   1.217474368e-16
          0,           0,          56,      -9.502574103,      -8.766877717,      -9.029532069,               0.5,       2.885552377,   1.172185179e-15,                 0,                 0,                 0,   -2.90688155e-16,       2.885552377,   1.172185179e-15,                 0,   4.062255768e-16
          0,           0,          57,      -9.611077008,      -8.895202276,      -9.157531031,               0.5,       2.885552357,   9.915028867e-16,                 0,                 0,                 0,  -3.719355553e-16,       2.885552357,   9.915028867e-16,                 0,   3.436093905e-16
          0,           0,          58,      -9.716881812,      -9.023533391,      -9.285489165,               0.5,       2.885552342,   2.381450072e-16,                 0,                 0,                 0,  -3.002426866e-16,       2.885552342,   2.381450072e-16,                 0,   8.253012904e-17
          0,           0,          59,      -9.819587083,      -9.151845475,      -9.413260905,               0.5,       2.885552331,  -1.153862162e-16,                 0,                 0,                 0,  -1.058994472e-16,       2.885552331,  -1.153862162e-16,                 0,  -3.998756666e-17
          0,           0,          60,      -9.922112236,      -9.280003509,      -9.540840892,               0.5,       2.885552323,   9.074772184e-17,                 0,                 0,                 0,  -1.950479708e-16,       2.885552323,   9.074772184e-17,                 0,   3.144899543e-17
          0,           0,          61,      -10.02477646,      -9.408133793,        -9.6684546,               0.5,       2.885552317,  -2.157833374e-16,                 0,                 0,                 0,  -2.672558355e-17,       2.885552317,  -2.157833374e-16,                 0,  -7.478060131e-17
