# ITTC 7.5-02-01-03 Rev 03, standard pressure 0.101325 MPa
# grain: one row is one integer degree Celsius at one salinity column (fresh 0, standard seawater 35.16504 g/kg)
# 0 C is the one-step linear extension of the published 0.1 C and 0.2 C rows. The procedure tables start at 0.1 C.
# columns: temperature_C,salinity_g_per_kg,rho_kg_m3,nu_m2_s,pv_Pa
0,0,999.8433,0.0000017920,611.19000000
0,35.16504,1028.1556,0.0000018543,598.67000000
1,0,999.9018,1.7312E-06,657.09000000
1,35.16504,1028.0941,1.7926E-06,643.63000000
2,0,999.9430,1.6736E-06,705.99000000
2,35.16504,1028.0197,1.7341E-06,691.53000000
3,0,999.9672,1.6191E-06,758.08000000
3,35.16504,1027.9327,1.6787E-06,742.56000000
4,0,999.9749,1.5673E-06,813.55000000
4,35.16504,1027.8336,1.6262E-06,796.89000000
5,0,999.9666,1.5182E-06,872.58000000
5,35.16504,1027.7225,1.5762E-06,854.71000000
6,0,999.9429,1.4716E-06,935.36000000
6,35.16504,1027.6000,1.5288E-06,916.20000000
7,0,999.9043,1.4272E-06,1002.1000000
7,35.16504,1027.4662,1.4836E-06,981.57000000
8,0,999.8510,1.3849E-06,1073.0000000
8,35.16504,1027.3214,1.4406E-06,1051.0000000
9,0,999.7836,1.3447E-06,1148.3000000
9,35.16504,1027.1659,1.3995E-06,1124.8000000
10,0,999.7025,1.3063E-06,1228.2000000
10,35.16504,1027.0000,1.3604E-06,1203.0000000
11,0,999.6079,1.2697E-06,1313.0000000
11,35.16504,1026.8238,1.3230E-06,1286.1000000
12,0,999.5004,1.2347E-06,1402.8000000
12,35.16504,1026.6376,1.2873E-06,1374.1000000
13,0,999.3801,1.2012E-06,1498.1000000
13,35.16504,1026.4416,1.2532E-06,1467.4000000
14,0,999.2474,1.1692E-06,1599.0000000
14,35.16504,1026.2360,1.2205E-06,1566.2000000
15,0,999.1026,1.1386E-06,1705.8000000
15,35.16504,1026.0210,1.1892E-06,1670.9000000
16,0,998.9461,1.1093E-06,1818.8000000
16,35.16504,1025.7967,1.1592E-06,1781.6000000
17,0,998.7780,1.0811E-06,1938.4000000
17,35.16504,1025.5633,1.1304E-06,1898.7000000
18,0,998.5986,1.0542E-06,2064.7000000
18,35.16504,1025.3210,1.1028E-06,2022.5000000
19,0,998.4083,1.0283E-06,2198.3000000
19,35.16504,1025.0700,1.0763E-06,2153.3000000
20,0,998.2072,1.0034E-06,2339.3000000
20,35.16504,1024.8103,1.0508E-06,2291.4000000
21,0,997.9955,9.7950E-07,2488.2000000
21,35.16504,1024.5421,1.0263E-06,2437.3000000
22,0,997.7735,9.5653E-07,2645.3000000
22,35.16504,1024.2656,1.0027E-06,2591.2000000
23,0,997.5414,9.3442E-07,2811.1000000
23,35.16504,1023.9808,9.8002E-07,2753.5000000
24,0,997.2994,9.1315E-07,2985.8000000
24,35.16504,1023.6881,9.5818E-07,2924.7000000
25,0,997.0476,8.9266E-07,3169.9000000
25,35.16504,1023.3873,9.3713E-07,3105.0000000
26,0,996.7864,8.7291E-07,3363.9000000
26,35.16504,1023.0788,9.1683E-07,3295.0000000
27,0,996.5158,8.5388E-07,3568.1000000
27,35.16504,1022.7626,8.9726E-07,3495.0000000
28,0,996.2360,8.3552E-07,3783.1000000
28,35.16504,1022.4389,8.7837E-07,3705.6000000
29,0,995.9471,8.1781E-07,4009.2000000
29,35.16504,1022.1078,8.6014E-07,3927.1000000
30,0,995.6495,8.0071E-07,4247.0000000
30,35.16504,1021.7694,8.4253E-07,4160.0000000
31,0,995.3431,7.8419E-07,4496.9000000
31,35.16504,1021.4238,8.2551E-07,4404.8000000
32,0,995.0281,7.6823E-07,4759.6000000
32,35.16504,1021.0712,8.0906E-07,4662.1000000
33,0,994.7048,7.5280E-07,5035.4000000
33,35.16504,1020.7118,7.9314E-07,4932.3000000
34,0,994.3731,7.3788E-07,5325.1000000
34,35.16504,1020.3456,7.7775E-07,5216.0000000
35,0,994.0333,7.2344E-07,5629.0000000
35,35.16504,1019.9727,7.6285E-07,5513.8000000
36,0,993.6855,7.0947E-07,5947.9000000
36,35.16504,1019.5934,7.4842E-07,5826.1000000
37,0,993.3298,6.9595E-07,6282.3000000
37,35.16504,1019.2078,7.3444E-07,6153.7000000
38,0,992.9663,6.8285E-07,6632.8000000
38,35.16504,1018.8159,7.2089E-07,6497.0000000
39,0,992.5951,6.7015E-07,7000.2000000
39,35.16504,1018.4180,7.0776E-07,6856.8000000
40,0,992.2164,6.5785E-07,7384.9000000
40,35.16504,1018.0142,6.9503E-07,7233.7000000
41,0,991.8302,6.4592E-07,7787.8000000
41,35.16504,1017.6046,6.8268E-07,7628.4000000
42,0,991.4366,6.3435E-07,8209.6000000
42,35.16504,1017.1894,6.7070E-07,8041.5000000
43,0,991.0358,6.2313E-07,8650.8000000
43,35.16504,1016.7687,6.5906E-07,8473.7000000
44,0,990.6279,6.1223E-07,9112.4000000
44,35.16504,1016.3427,6.4776E-07,8925.8000000
45,0,990.2129,6.0166E-07,9595.0000000
45,35.16504,1015.9115,6.3679E-07,9398.5000000
46,0,989.7909,5.9139E-07,10099.000000
46,35.16504,1015.4753,6.2613E-07,9892.6000000
47,0,989.3621,5.8141E-07,10627.000000
47,35.16504,1015.0343,6.1577E-07,10409.000000
48,0,988.9264,5.7172E-07,11177.000000
48,35.16504,1014.5886,6.0569E-07,10948.000000
49,0,988.4841,5.6229E-07,11752.000000
49,35.16504,1014.1384,5.9590E-07,11511.000000
50,0,988.0351,5.5313E-07,12352.000000
50,35.16504,1013.6839,5.8637E-07,12099.000000
