Re	Ncrit	alpha_deg	xfoil_CL	xfoil_CD	neuralfoil_CL	neuralfoil_CD	CL_error	ln_CD_error	CL_pass	ln_CD_pass
200000	2	-6.0	-0.6592	0.01562	-0.660161975584394	0.01570548146451132	-0.000961975584394037	0.005457644875242937	1	1
200000	2	-5.0	-0.5424	0.01417	-0.5424007736811135	0.014278524741585771	-7.736811135083954e-07	0.007629588459303087	1	1
200000	2	-4.0	-0.4251	0.01285	-0.42365493405368937	0.01290462480749757	0.0014450659463106086	0.0042419479853654145	1	1
200000	2	-3.0	-0.3132	0.01176	-0.31277326839770686	0.011867717820705384	0.0004267316022931178	0.009117983192903798	1	1
200000	2	-2.0	-0.208	0.01108	-0.2084029233771396	0.011174601819098838	-0.0004029233771395968	0.008501827145129913	1	1
200000	2	-1.0	-0.1042	0.01074	-0.10367063195254556	0.010789615745073262	0.0005293680474544454	0.004609077421116343	1	1
200000	2	-0.0	0.0	0.01064	-5.551115123125783e-17	0.010673557311766065	-5.551115123125783e-17	0.0031489196293109935	1	1
200000	2	1.0	0.1042	0.01074	0.10367063195254542	0.010789615745073271	-0.0005293680474545842	0.004609077421117006	1	1
200000	2	2.0	0.208	0.01108	0.20840292337713937	0.011174601819098849	0.00040292337713937476	0.008501827145131013	1	1
200000	2	3.0	0.3132	0.01176	0.3127732683977066	0.011867717820705394	-0.00042673160229339535	0.009117983192904678	1	1
200000	2	4.0	0.4251	0.01285	0.4236549340536895	0.012904624807497583	-0.0014450659463104976	0.004241947985366299	1	1
200000	2	5.0	0.5424	0.01417	0.5424007736811137	0.014278524741585797	7.7368111373044e-07	0.007629588459305071	1	1
200000	2	6.0	0.6592	0.01562	0.6601619755843938	0.015705481464511332	0.0009619755843938149	0.00545764487524382	1	1
200000	4	-6.0	-0.6942	0.01536	-0.6957375906568701	0.015437552240493282	-0.0015375906568700914	0.0050362706625089295	1	1
200000	4	-5.0	-0.5957	0.01383	-0.5961771505035681	0.013897308256530138	-0.0004771505035681134	0.004855025097936381	1	1
200000	4	-4.0	-0.4629	0.01233	-0.46370496684749396	0.012384731796508631	-0.000804966847493982	0.004429090020584525	1	1
200000	4	-3.0	-0.3359	0.01112	-0.3340929787887409	0.011106239891492578	0.0018070212112590855	-0.0012381860658907155	1	1
200000	4	-2.0	-0.2161	0.01021	-0.21426632977212132	0.010210385456541451	0.0018336702278786698	3.775213179173584e-05	1	1
200000	4	-1.0	-0.105	0.00959	-0.10512379452573217	0.009666720289998956	-0.00012379452573217653	0.007968199648902899	1	1
200000	4	-0.0	0.0	0.00937	-2.220446049250313e-16	0.009482377318386408	-2.220446049250313e-16	0.011921960560250546	1	1
200000	4	1.0	0.105	0.00959	0.1051237945257319	0.009666720289998947	0.00012379452573189897	0.007968199648902018	1	1
200000	4	2.0	0.2161	0.01021	0.21426632977212098	0.010210385456541451	-0.001833670227879003	3.775213179173584e-05	1	1
200000	4	3.0	0.3359	0.01112	0.33409297878874084	0.011106239891492588	-0.001807021211259141	-0.0012381860658898262	1	1
200000	4	4.0	0.4629	0.01233	0.46370496684749385	0.012384731796508654	0.0008049668474938709	0.004429090020586293	1	1
200000	4	5.0	0.5958	0.01383	0.5961771505035676	0.013897308256530164	0.0003771505035675693	0.004855025097938149	1	1
200000	4	6.0	0.6941	0.01536	0.6957375906568698	0.015437552240493296	0.0016375906568697474	0.005036270662509813	1	1
200000	9	-6.0	-0.6974	0.01513	-0.6946870355950434	0.015287198346805411	0.002712964404956608	0.010336241002348165	1	1
200000	9	-5.0	-0.6191	0.01308	-0.6179399494674367	0.013135311046298176	0.0011600505325632948	0.004219757551186292	1	1
200000	9	-4.0	-0.5354	0.01176	-0.5376695514408004	0.01183565638995625	-0.0022695514408004325	0.0064127607197715175	1	1
200000	9	-3.0	-0.4457	0.01105	-0.4535614495482199	0.011182585268152792	-0.007861449548219934	0.011927253474245544	1	1
200000	9	-2.0	-0.3091	0.01065	-0.3106110230423489	0.010758143570780445	-0.0015110230423489024	0.01010311709647588	1	1
200000	9	-1.0	-0.1415	0.01033	-0.14244613692076735	0.010339394604458058	-0.0009461369207673653	0.0009090353428119079	1	1
200000	9	-0.0	-0.0	0.01018	-5.551115123125783e-17	0.010066158912812352	-5.551115123125783e-17	-0.011245815806358589	1	1
200000	9	1.0	0.1415	0.01033	0.14244613692076707	0.010339394604458069	0.0009461369207670878	0.0009090353428130171	1	1
200000	9	2.0	0.3091	0.01065	0.3106110230423489	0.010758143570780436	0.0015110230423489024	0.010103117096475	1	1
200000	9	3.0	0.4456	0.01104	0.4535614495482198	0.011182585268152792	0.007961449548219812	0.012832640589058203	1	1
200000	9	4.0	0.5353	0.01176	0.5376695514408006	0.01183565638995626	0.0023695514408006435	0.0064127607197724005	1	1
200000	9	5.0	0.619	0.01307	0.6179399494674362	0.0131353110462982	-0.00106005053256375	0.004984575944110038	1	1
200000	9	6.0	0.6973	0.01512	0.6946870355950429	0.015287198346805465	-0.0026129644049571743	0.010997398051229207	1	1
1000000	2	-6.0	-0.6511	0.01039	-0.6511662394024267	0.01040137638737957	-6.623940242667103e-05	0.001094337219715136	1	1
1000000	2	-5.0	-0.5454	0.00985	-0.5459149339311411	0.009861723109236189	-0.0005149339311411039	0.0011894556912536267	1	1
1000000	2	-4.0	-0.4378	0.00939	-0.43756560550485657	0.009443542507686222	0.0002343944951434529	0.005685882187423157	1	1
1000000	2	-3.0	-0.3292	0.00897	-0.3284400359361817	0.009029379019848998	0.0007599640638182859	0.006597920427520535	1	1
1000000	2	-2.0	-0.22	0.0086	-0.21972333256041468	0.008652309526851342	0.0002766674395853208	0.006064079370738305	1	1
1000000	2	-1.0	-0.1102	0.00834	-0.11046556588641354	0.008365603822059163	-0.0002655658864135352	0.0030652998095497715	1	1
1000000	2	-0.0	-0.0	0.00825	-1.1102230246251565e-16	0.008265596388361985	-1.1102230246251565e-16	0.0018886866246233588	1	1
1000000	2	1.0	0.1102	0.00834	0.11046556588641326	0.00836560382205917	0.0002655658864132576	0.0030652998095506566	1	1
1000000	2	2.0	0.22	0.0086	0.2197233325604143	0.008652309526851358	-0.0002766674395857094	0.006064079370740071	1	1
1000000	2	3.0	0.3292	0.00897	0.32844003593618143	0.009029379019849015	-0.0007599640638185634	0.006597920427522519	1	1
1000000	2	4.0	0.4378	0.00939	0.43756560550485624	0.009443542507686229	-0.00023439449514378596	0.005685882187423818	1	1
1000000	2	5.0	0.5455	0.00985	0.545914933931141	0.009861723109236189	0.00041493393114100385	0.0011894556912536267	1	1
1000000	2	6.0	0.6511	0.01039	0.6511662394024262	0.010401376387379561	6.623940242622695e-05	0.0010943372197144707	1	1
1000000	4	-6.0	-0.6456	0.00985	-0.6456802338595714	0.009844589708667938	-8.023385957145468e-05	-0.0005494190585525944	1	1
1000000	4	-5.0	-0.5381	0.009	-0.5361868474498598	0.009066344541749235	0.0019131525501402402	0.007344578182930854	1	1
1000000	4	-4.0	-0.433	0.00833	-0.4326830954416412	0.008423273060149457	0.0003169045583588104	0.011135021025004434	1	1
1000000	4	-3.0	-0.3266	0.0078	-0.3268219178143873	0.007860637214998085	-0.00022191781438729574	0.007743940069968377	1	1
1000000	4	-2.0	-0.2188	0.00739	-0.2190356762024413	0.00744154549751522	-0.00023567620244130394	0.0069508204730310275	1	1
1000000	4	-1.0	-0.1098	0.00715	-0.11007327109931414	0.007163423634727659	-0.0002732710993141457	0.0018756712587771238	1	1
1000000	4	-0.0	-0.0	0.00707	-2.220446049250313e-16	0.007088184123910761	-2.220446049250313e-16	0.0025687099066182633	1	1
1000000	4	1.0	0.1098	0.00715	0.11007327109931392	0.007163423634727665	0.0002732710993139237	0.0018756712587780105	1	1
1000000	4	2.0	0.2188	0.00739	0.2190356762024413	0.007441545497515233	0.00023567620244130394	0.006950820473032792	1	1
1000000	4	3.0	0.3266	0.0078	0.32682191781438685	0.0078606372149981	0.00022191781438685165	0.007743940069970139	1	1
1000000	4	4.0	0.433	0.00833	0.4326830954416412	0.008423273060149472	-0.0003169045583588104	0.011135021025006192	1	1
1000000	4	5.0	0.5381	0.009	0.5361868474498594	0.009066344541749241	-0.0019131525501405733	0.007344578182931515	1	1
1000000	4	6.0	0.6456	0.00985	0.645680233859571	0.009844589708667938	8.023385957101059e-05	-0.0005494190585525944	1	1
1000000	9	-6.0	-0.6948	0.00973	-0.6994778747202216	0.00980675491564569	-0.004677874720221631	0.007857529142953372	1	1
1000000	9	-5.0	-0.558	0.00848	-0.5561641791663755	0.00851891032812464	0.0018358208336245463	0.004577987098033764	1	1
1000000	9	-4.0	-0.4278	0.00728	-0.4270879521030585	0.007263316934068917	0.0007120478969415145	-0.002294259737926502	1	1
1000000	9	-3.0	-0.3199	0.00639	-0.3191806262020073	0.006393513342108027	0.0007193737979926951	0.0005496677012746162	1	1
1000000	9	-2.0	-0.2142	0.0058	-0.21466196148014544	0.0058401028016375105	-0.00046196148014543414	0.006890482152952319	1	1
1000000	9	-1.0	-0.1074	0.00549	-0.10758385556477268	0.005520933021297448	-0.0001838555647726836	0.0056186160817115515	1	1
1000000	9	-0.0	-0.0	0.0054	5.551115123125783e-17	0.00540001796373341	5.551115123125783e-17	3.3266117648926575e-06	1	1
1000000	9	1.0	0.1074	0.00549	0.10758385556477229	0.005520933021297458	0.00018385556477229503	0.005618616081713539	1	1
1000000	9	2.0	0.2142	0.0058	0.21466196148014527	0.005840102801637516	0.0004619614801452676	0.0068904821529534215	1	1
1000000	9	3.0	0.32	0.00639	0.3191806262020066	0.006393513342108032	-0.0008193737979934057	0.0005496677012755038	1	1
1000000	9	4.0	0.4278	0.00728	0.4270879521030577	0.00726331693406893	-0.0007120478969422916	-0.0022942597379247216	1	1
1000000	9	5.0	0.558	0.00848	0.5561641791663748	0.008518910328124662	-0.0018358208336252124	0.004577987098036416	1	1
1000000	9	6.0	0.6948	0.00973	0.6994778747202208	0.009806754915645708	0.004677874720220854	0.007857529142955134	1	1
