case	foil	alpha	Re	Ncrit	upper_0	upper_1	upper_2	upper_3	upper_4	upper_5	upper_6	upper_7	lower_0	lower_1	lower_2	lower_3	lower_4	lower_5	lower_6	lower_7	leading_edge_weight	TE_thickness
naca0012:a-6:re200000:n2	naca0012	-6	200000	2	0.17288440217926598	0.15156291820957593	0.1737630566439542	0.12768079074261454	0.16481846455823784	0.1263760033926456	0.1458978921585687	0.13919961424571797	-0.17288440217926507	-0.15156291820957737	-0.1737630566439524	-0.12768079074261632	-0.16481846455823726	-0.1263760033926453	-0.14589789215856927	-0.13919961424571795	2.1347475352594767e-17	0.002547899733323931
naca0012:a-6:re200000:n4	naca0012	-6	200000	4	0.17288440217926598	0.15156291820957593	0.1737630566439542	0.12768079074261454	0.16481846455823784	0.1263760033926456	0.1458978921585687	0.13919961424571797	-0.17288440217926507	-0.15156291820957737	-0.1737630566439524	-0.12768079074261632	-0.16481846455823726	-0.1263760033926453	-0.14589789215856927	-0.13919961424571795	2.1347475352594767e-17	0.002547899733323931
naca0012:a-6:re200000:n9	naca0012	-6	200000	9	0.17288440217926598	0.15156291820957593	0.1737630566439542	0.12768079074261454	0.16481846455823784	0.1263760033926456	0.1458978921585687	0.13919961424571797	-0.17288440217926507	-0.15156291820957737	-0.1737630566439524	-0.12768079074261632	-0.16481846455823726	-0.1263760033926453	-0.14589789215856927	-0.13919961424571795	2.1347475352594767e-17	0.002547899733323931
naca0012:a-6:re1000000:n2	naca0012	-6	1000000	2	0.17288440217926598	0.15156291820957593	0.1737630566439542	0.12768079074261454	0.16481846455823784	0.1263760033926456	0.1458978921585687	0.13919961424571797	-0.17288440217926507	-0.15156291820957737	-0.1737630566439524	-0.12768079074261632	-0.16481846455823726	-0.1263760033926453	-0.14589789215856927	-0.13919961424571795	2.1347475352594767e-17	0.002547899733323931
naca0012:a-6:re1000000:n4	naca0012	-6	1000000	4	0.17288440217926598	0.15156291820957593	0.1737630566439542	0.12768079074261454	0.16481846455823784	0.1263760033926456	0.1458978921585687	0.13919961424571797	-0.17288440217926507	-0.15156291820957737	-0.1737630566439524	-0.12768079074261632	-0.16481846455823726	-0.1263760033926453	-0.14589789215856927	-0.13919961424571795	2.1347475352594767e-17	0.002547899733323931
naca0012:a-6:re1000000:n9	naca0012	-6	1000000	9	0.17288440217926598	0.15156291820957593	0.1737630566439542	0.12768079074261454	0.16481846455823784	0.1263760033926456	0.1458978921585687	0.13919961424571797	-0.17288440217926507	-0.15156291820957737	-0.1737630566439524	-0.12768079074261632	-0.16481846455823726	-0.1263760033926453	-0.14589789215856927	-0.13919961424571795	2.1347475352594767e-17	0.002547899733323931
naca0012:a-3:re200000:n2	naca0012	-3	200000	2	0.17288440217926598	0.15156291820957593	0.1737630566439542	0.12768079074261454	0.16481846455823784	0.1263760033926456	0.1458978921585687	0.13919961424571797	-0.17288440217926507	-0.15156291820957737	-0.1737630566439524	-0.12768079074261632	-0.16481846455823726	-0.1263760033926453	-0.14589789215856927	-0.13919961424571795	2.1347475352594767e-17	0.002547899733323931
naca0012:a-3:re200000:n4	naca0012	-3	200000	4	0.17288440217926598	0.15156291820957593	0.1737630566439542	0.12768079074261454	0.16481846455823784	0.1263760033926456	0.1458978921585687	0.13919961424571797	-0.17288440217926507	-0.15156291820957737	-0.1737630566439524	-0.12768079074261632	-0.16481846455823726	-0.1263760033926453	-0.14589789215856927	-0.13919961424571795	2.1347475352594767e-17	0.002547899733323931
naca0012:a-3:re200000:n9	naca0012	-3	200000	9	0.17288440217926598	0.15156291820957593	0.1737630566439542	0.12768079074261454	0.16481846455823784	0.1263760033926456	0.1458978921585687	0.13919961424571797	-0.17288440217926507	-0.15156291820957737	-0.1737630566439524	-0.12768079074261632	-0.16481846455823726	-0.1263760033926453	-0.14589789215856927	-0.13919961424571795	2.1347475352594767e-17	0.002547899733323931
naca0012:a-3:re1000000:n2	naca0012	-3	1000000	2	0.17288440217926598	0.15156291820957593	0.1737630566439542	0.12768079074261454	0.16481846455823784	0.1263760033926456	0.1458978921585687	0.13919961424571797	-0.17288440217926507	-0.15156291820957737	-0.1737630566439524	-0.12768079074261632	-0.16481846455823726	-0.1263760033926453	-0.14589789215856927	-0.13919961424571795	2.1347475352594767e-17	0.002547899733323931
naca0012:a-3:re1000000:n4	naca0012	-3	1000000	4	0.17288440217926598	0.15156291820957593	0.1737630566439542	0.12768079074261454	0.16481846455823784	0.1263760033926456	0.1458978921585687	0.13919961424571797	-0.17288440217926507	-0.15156291820957737	-0.1737630566439524	-0.12768079074261632	-0.16481846455823726	-0.1263760033926453	-0.14589789215856927	-0.13919961424571795	2.1347475352594767e-17	0.002547899733323931
naca0012:a-3:re1000000:n9	naca0012	-3	1000000	9	0.17288440217926598	0.15156291820957593	0.1737630566439542	0.12768079074261454	0.16481846455823784	0.1263760033926456	0.1458978921585687	0.13919961424571797	-0.17288440217926507	-0.15156291820957737	-0.1737630566439524	-0.12768079074261632	-0.16481846455823726	-0.1263760033926453	-0.14589789215856927	-0.13919961424571795	2.1347475352594767e-17	0.002547899733323931
naca0012:a0:re200000:n2	naca0012	0	200000	2	0.17288440217926598	0.15156291820957593	0.1737630566439542	0.12768079074261454	0.16481846455823784	0.1263760033926456	0.1458978921585687	0.13919961424571797	-0.17288440217926507	-0.15156291820957737	-0.1737630566439524	-0.12768079074261632	-0.16481846455823726	-0.1263760033926453	-0.14589789215856927	-0.13919961424571795	2.1347475352594767e-17	0.002547899733323931
naca0012:a0:re200000:n4	naca0012	0	200000	4	0.17288440217926598	0.15156291820957593	0.1737630566439542	0.12768079074261454	0.16481846455823784	0.1263760033926456	0.1458978921585687	0.13919961424571797	-0.17288440217926507	-0.15156291820957737	-0.1737630566439524	-0.12768079074261632	-0.16481846455823726	-0.1263760033926453	-0.14589789215856927	-0.13919961424571795	2.1347475352594767e-17	0.002547899733323931
naca0012:a0:re200000:n9	naca0012	0	200000	9	0.17288440217926598	0.15156291820957593	0.1737630566439542	0.12768079074261454	0.16481846455823784	0.1263760033926456	0.1458978921585687	0.13919961424571797	-0.17288440217926507	-0.15156291820957737	-0.1737630566439524	-0.12768079074261632	-0.16481846455823726	-0.1263760033926453	-0.14589789215856927	-0.13919961424571795	2.1347475352594767e-17	0.002547899733323931
naca0012:a0:re1000000:n2	naca0012	0	1000000	2	0.17288440217926598	0.15156291820957593	0.1737630566439542	0.12768079074261454	0.16481846455823784	0.1263760033926456	0.1458978921585687	0.13919961424571797	-0.17288440217926507	-0.15156291820957737	-0.1737630566439524	-0.12768079074261632	-0.16481846455823726	-0.1263760033926453	-0.14589789215856927	-0.13919961424571795	2.1347475352594767e-17	0.002547899733323931
naca0012:a0:re1000000:n4	naca0012	0	1000000	4	0.17288440217926598	0.15156291820957593	0.1737630566439542	0.12768079074261454	0.16481846455823784	0.1263760033926456	0.1458978921585687	0.13919961424571797	-0.17288440217926507	-0.15156291820957737	-0.1737630566439524	-0.12768079074261632	-0.16481846455823726	-0.1263760033926453	-0.14589789215856927	-0.13919961424571795	2.1347475352594767e-17	0.002547899733323931
naca0012:a0:re1000000:n9	naca0012	0	1000000	9	0.17288440217926598	0.15156291820957593	0.1737630566439542	0.12768079074261454	0.16481846455823784	0.1263760033926456	0.1458978921585687	0.13919961424571797	-0.17288440217926507	-0.15156291820957737	-0.1737630566439524	-0.12768079074261632	-0.16481846455823726	-0.1263760033926453	-0.14589789215856927	-0.13919961424571795	2.1347475352594767e-17	0.002547899733323931
naca0012:a3:re200000:n2	naca0012	3	200000	2	0.17288440217926598	0.15156291820957593	0.1737630566439542	0.12768079074261454	0.16481846455823784	0.1263760033926456	0.1458978921585687	0.13919961424571797	-0.17288440217926507	-0.15156291820957737	-0.1737630566439524	-0.12768079074261632	-0.16481846455823726	-0.1263760033926453	-0.14589789215856927	-0.13919961424571795	2.1347475352594767e-17	0.002547899733323931
naca0012:a3:re200000:n4	naca0012	3	200000	4	0.17288440217926598	0.15156291820957593	0.1737630566439542	0.12768079074261454	0.16481846455823784	0.1263760033926456	0.1458978921585687	0.13919961424571797	-0.17288440217926507	-0.15156291820957737	-0.1737630566439524	-0.12768079074261632	-0.16481846455823726	-0.1263760033926453	-0.14589789215856927	-0.13919961424571795	2.1347475352594767e-17	0.002547899733323931
naca0012:a3:re200000:n9	naca0012	3	200000	9	0.17288440217926598	0.15156291820957593	0.1737630566439542	0.12768079074261454	0.16481846455823784	0.1263760033926456	0.1458978921585687	0.13919961424571797	-0.17288440217926507	-0.15156291820957737	-0.1737630566439524	-0.12768079074261632	-0.16481846455823726	-0.1263760033926453	-0.14589789215856927	-0.13919961424571795	2.1347475352594767e-17	0.002547899733323931
naca0012:a3:re1000000:n2	naca0012	3	1000000	2	0.17288440217926598	0.15156291820957593	0.1737630566439542	0.12768079074261454	0.16481846455823784	0.1263760033926456	0.1458978921585687	0.13919961424571797	-0.17288440217926507	-0.15156291820957737	-0.1737630566439524	-0.12768079074261632	-0.16481846455823726	-0.1263760033926453	-0.14589789215856927	-0.13919961424571795	2.1347475352594767e-17	0.002547899733323931
naca0012:a3:re1000000:n4	naca0012	3	1000000	4	0.17288440217926598	0.15156291820957593	0.1737630566439542	0.12768079074261454	0.16481846455823784	0.1263760033926456	0.1458978921585687	0.13919961424571797	-0.17288440217926507	-0.15156291820957737	-0.1737630566439524	-0.12768079074261632	-0.16481846455823726	-0.1263760033926453	-0.14589789215856927	-0.13919961424571795	2.1347475352594767e-17	0.002547899733323931
naca0012:a3:re1000000:n9	naca0012	3	1000000	9	0.17288440217926598	0.15156291820957593	0.1737630566439542	0.12768079074261454	0.16481846455823784	0.1263760033926456	0.1458978921585687	0.13919961424571797	-0.17288440217926507	-0.15156291820957737	-0.1737630566439524	-0.12768079074261632	-0.16481846455823726	-0.1263760033926453	-0.14589789215856927	-0.13919961424571795	2.1347475352594767e-17	0.002547899733323931
naca0012:a6:re200000:n2	naca0012	6	200000	2	0.17288440217926598	0.15156291820957593	0.1737630566439542	0.12768079074261454	0.16481846455823784	0.1263760033926456	0.1458978921585687	0.13919961424571797	-0.17288440217926507	-0.15156291820957737	-0.1737630566439524	-0.12768079074261632	-0.16481846455823726	-0.1263760033926453	-0.14589789215856927	-0.13919961424571795	2.1347475352594767e-17	0.002547899733323931
naca0012:a6:re200000:n4	naca0012	6	200000	4	0.17288440217926598	0.15156291820957593	0.1737630566439542	0.12768079074261454	0.16481846455823784	0.1263760033926456	0.1458978921585687	0.13919961424571797	-0.17288440217926507	-0.15156291820957737	-0.1737630566439524	-0.12768079074261632	-0.16481846455823726	-0.1263760033926453	-0.14589789215856927	-0.13919961424571795	2.1347475352594767e-17	0.002547899733323931
naca0012:a6:re200000:n9	naca0012	6	200000	9	0.17288440217926598	0.15156291820957593	0.1737630566439542	0.12768079074261454	0.16481846455823784	0.1263760033926456	0.1458978921585687	0.13919961424571797	-0.17288440217926507	-0.15156291820957737	-0.1737630566439524	-0.12768079074261632	-0.16481846455823726	-0.1263760033926453	-0.14589789215856927	-0.13919961424571795	2.1347475352594767e-17	0.002547899733323931
naca0012:a6:re1000000:n2	naca0012	6	1000000	2	0.17288440217926598	0.15156291820957593	0.1737630566439542	0.12768079074261454	0.16481846455823784	0.1263760033926456	0.1458978921585687	0.13919961424571797	-0.17288440217926507	-0.15156291820957737	-0.1737630566439524	-0.12768079074261632	-0.16481846455823726	-0.1263760033926453	-0.14589789215856927	-0.13919961424571795	2.1347475352594767e-17	0.002547899733323931
naca0012:a6:re1000000:n4	naca0012	6	1000000	4	0.17288440217926598	0.15156291820957593	0.1737630566439542	0.12768079074261454	0.16481846455823784	0.1263760033926456	0.1458978921585687	0.13919961424571797	-0.17288440217926507	-0.15156291820957737	-0.1737630566439524	-0.12768079074261632	-0.16481846455823726	-0.1263760033926453	-0.14589789215856927	-0.13919961424571795	2.1347475352594767e-17	0.002547899733323931
naca0012:a6:re1000000:n9	naca0012	6	1000000	9	0.17288440217926598	0.15156291820957593	0.1737630566439542	0.12768079074261454	0.16481846455823784	0.1263760033926456	0.1458978921585687	0.13919961424571797	-0.17288440217926507	-0.15156291820957737	-0.1737630566439524	-0.12768079074261632	-0.16481846455823726	-0.1263760033926453	-0.14589789215856927	-0.13919961424571795	2.1347475352594767e-17	0.002547899733323931
naca2412:a-6:re200000:n2	naca2412	-6	200000	2	0.17693258394714872	0.18318778277164072	0.22626058550783434	0.18959733753154914	0.2012980301753172	0.2003080728540358	0.20133782828197516	0.20852970661174805	-0.17007316674556824	-0.12075837090664686	-0.12044670281769189	-0.06585189634422683	-0.12849651691736416	-0.052251669017308884	-0.09086747176207223	-0.07038212630208358	0.0489441486279615	0.0025539054999675096
naca2412:a-6:re200000:n4	naca2412	-6	200000	4	0.17693258394714872	0.18318778277164072	0.22626058550783434	0.18959733753154914	0.2012980301753172	0.2003080728540358	0.20133782828197516	0.20852970661174805	-0.17007316674556824	-0.12075837090664686	-0.12044670281769189	-0.06585189634422683	-0.12849651691736416	-0.052251669017308884	-0.09086747176207223	-0.07038212630208358	0.0489441486279615	0.0025539054999675096
naca2412:a-6:re200000:n9	naca2412	-6	200000	9	0.17693258394714872	0.18318778277164072	0.22626058550783434	0.18959733753154914	0.2012980301753172	0.2003080728540358	0.20133782828197516	0.20852970661174805	-0.17007316674556824	-0.12075837090664686	-0.12044670281769189	-0.06585189634422683	-0.12849651691736416	-0.052251669017308884	-0.09086747176207223	-0.07038212630208358	0.0489441486279615	0.0025539054999675096
naca2412:a-6:re1000000:n2	naca2412	-6	1000000	2	0.17693258394714872	0.18318778277164072	0.22626058550783434	0.18959733753154914	0.2012980301753172	0.2003080728540358	0.20133782828197516	0.20852970661174805	-0.17007316674556824	-0.12075837090664686	-0.12044670281769189	-0.06585189634422683	-0.12849651691736416	-0.052251669017308884	-0.09086747176207223	-0.07038212630208358	0.0489441486279615	0.0025539054999675096
naca2412:a-6:re1000000:n4	naca2412	-6	1000000	4	0.17693258394714872	0.18318778277164072	0.22626058550783434	0.18959733753154914	0.2012980301753172	0.2003080728540358	0.20133782828197516	0.20852970661174805	-0.17007316674556824	-0.12075837090664686	-0.12044670281769189	-0.06585189634422683	-0.12849651691736416	-0.052251669017308884	-0.09086747176207223	-0.07038212630208358	0.0489441486279615	0.0025539054999675096
naca2412:a-6:re1000000:n9	naca2412	-6	1000000	9	0.17693258394714872	0.18318778277164072	0.22626058550783434	0.18959733753154914	0.2012980301753172	0.2003080728540358	0.20133782828197516	0.20852970661174805	-0.17007316674556824	-0.12075837090664686	-0.12044670281769189	-0.06585189634422683	-0.12849651691736416	-0.052251669017308884	-0.09086747176207223	-0.07038212630208358	0.0489441486279615	0.0025539054999675096
naca2412:a-3:re200000:n2	naca2412	-3	200000	2	0.17693258394714872	0.18318778277164072	0.22626058550783434	0.18959733753154914	0.2012980301753172	0.2003080728540358	0.20133782828197516	0.20852970661174805	-0.17007316674556824	-0.12075837090664686	-0.12044670281769189	-0.06585189634422683	-0.12849651691736416	-0.052251669017308884	-0.09086747176207223	-0.07038212630208358	0.0489441486279615	0.0025539054999675096
naca2412:a-3:re200000:n4	naca2412	-3	200000	4	0.17693258394714872	0.18318778277164072	0.22626058550783434	0.18959733753154914	0.2012980301753172	0.2003080728540358	0.20133782828197516	0.20852970661174805	-0.17007316674556824	-0.12075837090664686	-0.12044670281769189	-0.06585189634422683	-0.12849651691736416	-0.052251669017308884	-0.09086747176207223	-0.07038212630208358	0.0489441486279615	0.0025539054999675096
naca2412:a-3:re200000:n9	naca2412	-3	200000	9	0.17693258394714872	0.18318778277164072	0.22626058550783434	0.18959733753154914	0.2012980301753172	0.2003080728540358	0.20133782828197516	0.20852970661174805	-0.17007316674556824	-0.12075837090664686	-0.12044670281769189	-0.06585189634422683	-0.12849651691736416	-0.052251669017308884	-0.09086747176207223	-0.07038212630208358	0.0489441486279615	0.0025539054999675096
naca2412:a-3:re1000000:n2	naca2412	-3	1000000	2	0.17693258394714872	0.18318778277164072	0.22626058550783434	0.18959733753154914	0.2012980301753172	0.2003080728540358	0.20133782828197516	0.20852970661174805	-0.17007316674556824	-0.12075837090664686	-0.12044670281769189	-0.06585189634422683	-0.12849651691736416	-0.052251669017308884	-0.09086747176207223	-0.07038212630208358	0.0489441486279615	0.0025539054999675096
naca2412:a-3:re1000000:n4	naca2412	-3	1000000	4	0.17693258394714872	0.18318778277164072	0.22626058550783434	0.18959733753154914	0.2012980301753172	0.2003080728540358	0.20133782828197516	0.20852970661174805	-0.17007316674556824	-0.12075837090664686	-0.12044670281769189	-0.06585189634422683	-0.12849651691736416	-0.052251669017308884	-0.09086747176207223	-0.07038212630208358	0.0489441486279615	0.0025539054999675096
naca2412:a-3:re1000000:n9	naca2412	-3	1000000	9	0.17693258394714872	0.18318778277164072	0.22626058550783434	0.18959733753154914	0.2012980301753172	0.2003080728540358	0.20133782828197516	0.20852970661174805	-0.17007316674556824	-0.12075837090664686	-0.12044670281769189	-0.06585189634422683	-0.12849651691736416	-0.052251669017308884	-0.09086747176207223	-0.07038212630208358	0.0489441486279615	0.0025539054999675096
naca2412:a0:re200000:n2	naca2412	0	200000	2	0.17693258394714872	0.18318778277164072	0.22626058550783434	0.18959733753154914	0.2012980301753172	0.2003080728540358	0.20133782828197516	0.20852970661174805	-0.17007316674556824	-0.12075837090664686	-0.12044670281769189	-0.06585189634422683	-0.12849651691736416	-0.052251669017308884	-0.09086747176207223	-0.07038212630208358	0.0489441486279615	0.0025539054999675096
naca2412:a0:re200000:n4	naca2412	0	200000	4	0.17693258394714872	0.18318778277164072	0.22626058550783434	0.18959733753154914	0.2012980301753172	0.2003080728540358	0.20133782828197516	0.20852970661174805	-0.17007316674556824	-0.12075837090664686	-0.12044670281769189	-0.06585189634422683	-0.12849651691736416	-0.052251669017308884	-0.09086747176207223	-0.07038212630208358	0.0489441486279615	0.0025539054999675096
naca2412:a0:re200000:n9	naca2412	0	200000	9	0.17693258394714872	0.18318778277164072	0.22626058550783434	0.18959733753154914	0.2012980301753172	0.2003080728540358	0.20133782828197516	0.20852970661174805	-0.17007316674556824	-0.12075837090664686	-0.12044670281769189	-0.06585189634422683	-0.12849651691736416	-0.052251669017308884	-0.09086747176207223	-0.07038212630208358	0.0489441486279615	0.0025539054999675096
naca2412:a0:re1000000:n2	naca2412	0	1000000	2	0.17693258394714872	0.18318778277164072	0.22626058550783434	0.18959733753154914	0.2012980301753172	0.2003080728540358	0.20133782828197516	0.20852970661174805	-0.17007316674556824	-0.12075837090664686	-0.12044670281769189	-0.06585189634422683	-0.12849651691736416	-0.052251669017308884	-0.09086747176207223	-0.07038212630208358	0.0489441486279615	0.0025539054999675096
naca2412:a0:re1000000:n4	naca2412	0	1000000	4	0.17693258394714872	0.18318778277164072	0.22626058550783434	0.18959733753154914	0.2012980301753172	0.2003080728540358	0.20133782828197516	0.20852970661174805	-0.17007316674556824	-0.12075837090664686	-0.12044670281769189	-0.06585189634422683	-0.12849651691736416	-0.052251669017308884	-0.09086747176207223	-0.07038212630208358	0.0489441486279615	0.0025539054999675096
naca2412:a0:re1000000:n9	naca2412	0	1000000	9	0.17693258394714872	0.18318778277164072	0.22626058550783434	0.18959733753154914	0.2012980301753172	0.2003080728540358	0.20133782828197516	0.20852970661174805	-0.17007316674556824	-0.12075837090664686	-0.12044670281769189	-0.06585189634422683	-0.12849651691736416	-0.052251669017308884	-0.09086747176207223	-0.07038212630208358	0.0489441486279615	0.0025539054999675096
naca2412:a3:re200000:n2	naca2412	3	200000	2	0.17693258394714872	0.18318778277164072	0.22626058550783434	0.18959733753154914	0.2012980301753172	0.2003080728540358	0.20133782828197516	0.20852970661174805	-0.17007316674556824	-0.12075837090664686	-0.12044670281769189	-0.06585189634422683	-0.12849651691736416	-0.052251669017308884	-0.09086747176207223	-0.07038212630208358	0.0489441486279615	0.0025539054999675096
naca2412:a3:re200000:n4	naca2412	3	200000	4	0.17693258394714872	0.18318778277164072	0.22626058550783434	0.18959733753154914	0.2012980301753172	0.2003080728540358	0.20133782828197516	0.20852970661174805	-0.17007316674556824	-0.12075837090664686	-0.12044670281769189	-0.06585189634422683	-0.12849651691736416	-0.052251669017308884	-0.09086747176207223	-0.07038212630208358	0.0489441486279615	0.0025539054999675096
naca2412:a3:re200000:n9	naca2412	3	200000	9	0.17693258394714872	0.18318778277164072	0.22626058550783434	0.18959733753154914	0.2012980301753172	0.2003080728540358	0.20133782828197516	0.20852970661174805	-0.17007316674556824	-0.12075837090664686	-0.12044670281769189	-0.06585189634422683	-0.12849651691736416	-0.052251669017308884	-0.09086747176207223	-0.07038212630208358	0.0489441486279615	0.0025539054999675096
naca2412:a3:re1000000:n2	naca2412	3	1000000	2	0.17693258394714872	0.18318778277164072	0.22626058550783434	0.18959733753154914	0.2012980301753172	0.2003080728540358	0.20133782828197516	0.20852970661174805	-0.17007316674556824	-0.12075837090664686	-0.12044670281769189	-0.06585189634422683	-0.12849651691736416	-0.052251669017308884	-0.09086747176207223	-0.07038212630208358	0.0489441486279615	0.0025539054999675096
naca2412:a3:re1000000:n4	naca2412	3	1000000	4	0.17693258394714872	0.18318778277164072	0.22626058550783434	0.18959733753154914	0.2012980301753172	0.2003080728540358	0.20133782828197516	0.20852970661174805	-0.17007316674556824	-0.12075837090664686	-0.12044670281769189	-0.06585189634422683	-0.12849651691736416	-0.052251669017308884	-0.09086747176207223	-0.07038212630208358	0.0489441486279615	0.0025539054999675096
naca2412:a3:re1000000:n9	naca2412	3	1000000	9	0.17693258394714872	0.18318778277164072	0.22626058550783434	0.18959733753154914	0.2012980301753172	0.2003080728540358	0.20133782828197516	0.20852970661174805	-0.17007316674556824	-0.12075837090664686	-0.12044670281769189	-0.06585189634422683	-0.12849651691736416	-0.052251669017308884	-0.09086747176207223	-0.07038212630208358	0.0489441486279615	0.0025539054999675096
naca2412:a6:re200000:n2	naca2412	6	200000	2	0.17693258394714872	0.18318778277164072	0.22626058550783434	0.18959733753154914	0.2012980301753172	0.2003080728540358	0.20133782828197516	0.20852970661174805	-0.17007316674556824	-0.12075837090664686	-0.12044670281769189	-0.06585189634422683	-0.12849651691736416	-0.052251669017308884	-0.09086747176207223	-0.07038212630208358	0.0489441486279615	0.0025539054999675096
naca2412:a6:re200000:n4	naca2412	6	200000	4	0.17693258394714872	0.18318778277164072	0.22626058550783434	0.18959733753154914	0.2012980301753172	0.2003080728540358	0.20133782828197516	0.20852970661174805	-0.17007316674556824	-0.12075837090664686	-0.12044670281769189	-0.06585189634422683	-0.12849651691736416	-0.052251669017308884	-0.09086747176207223	-0.07038212630208358	0.0489441486279615	0.0025539054999675096
naca2412:a6:re200000:n9	naca2412	6	200000	9	0.17693258394714872	0.18318778277164072	0.22626058550783434	0.18959733753154914	0.2012980301753172	0.2003080728540358	0.20133782828197516	0.20852970661174805	-0.17007316674556824	-0.12075837090664686	-0.12044670281769189	-0.06585189634422683	-0.12849651691736416	-0.052251669017308884	-0.09086747176207223	-0.07038212630208358	0.0489441486279615	0.0025539054999675096
naca2412:a6:re1000000:n2	naca2412	6	1000000	2	0.17693258394714872	0.18318778277164072	0.22626058550783434	0.18959733753154914	0.2012980301753172	0.2003080728540358	0.20133782828197516	0.20852970661174805	-0.17007316674556824	-0.12075837090664686	-0.12044670281769189	-0.06585189634422683	-0.12849651691736416	-0.052251669017308884	-0.09086747176207223	-0.07038212630208358	0.0489441486279615	0.0025539054999675096
naca2412:a6:re1000000:n4	naca2412	6	1000000	4	0.17693258394714872	0.18318778277164072	0.22626058550783434	0.18959733753154914	0.2012980301753172	0.2003080728540358	0.20133782828197516	0.20852970661174805	-0.17007316674556824	-0.12075837090664686	-0.12044670281769189	-0.06585189634422683	-0.12849651691736416	-0.052251669017308884	-0.09086747176207223	-0.07038212630208358	0.0489441486279615	0.0025539054999675096
naca2412:a6:re1000000:n9	naca2412	6	1000000	9	0.17693258394714872	0.18318778277164072	0.22626058550783434	0.18959733753154914	0.2012980301753172	0.2003080728540358	0.20133782828197516	0.20852970661174805	-0.17007316674556824	-0.12075837090664686	-0.12044670281769189	-0.06585189634422683	-0.12849651691736416	-0.052251669017308884	-0.09086747176207223	-0.07038212630208358	0.0489441486279615	0.0025539054999675096
naca4412:a-6:re200000:n2	naca4412	-6	200000	2	0.18109497123192517	0.21268418553788063	0.2809850334717098	0.2486488744271499	0.2402814006497827	0.27262843436214707	0.2577647399772109	0.27817638080391444	-0.16965145937914586	-0.09364138259246554	-0.06345895875250582	-0.006796600807437547	-0.0902447049393192	0.020818449122138514	-0.03575216051938938	-0.0022362344439660065	0.10647339061374256	0.0025720113171502365
naca4412:a-6:re200000:n4	naca4412	-6	200000	4	0.18109497123192517	0.21268418553788063	0.2809850334717098	0.2486488744271499	0.2402814006497827	0.27262843436214707	0.2577647399772109	0.27817638080391444	-0.16965145937914586	-0.09364138259246554	-0.06345895875250582	-0.006796600807437547	-0.0902447049393192	0.020818449122138514	-0.03575216051938938	-0.0022362344439660065	0.10647339061374256	0.0025720113171502365
naca4412:a-6:re200000:n9	naca4412	-6	200000	9	0.18109497123192517	0.21268418553788063	0.2809850334717098	0.2486488744271499	0.2402814006497827	0.27262843436214707	0.2577647399772109	0.27817638080391444	-0.16965145937914586	-0.09364138259246554	-0.06345895875250582	-0.006796600807437547	-0.0902447049393192	0.020818449122138514	-0.03575216051938938	-0.0022362344439660065	0.10647339061374256	0.0025720113171502365
naca4412:a-6:re1000000:n2	naca4412	-6	1000000	2	0.18109497123192517	0.21268418553788063	0.2809850334717098	0.2486488744271499	0.2402814006497827	0.27262843436214707	0.2577647399772109	0.27817638080391444	-0.16965145937914586	-0.09364138259246554	-0.06345895875250582	-0.006796600807437547	-0.0902447049393192	0.020818449122138514	-0.03575216051938938	-0.0022362344439660065	0.10647339061374256	0.0025720113171502365
naca4412:a-6:re1000000:n4	naca4412	-6	1000000	4	0.18109497123192517	0.21268418553788063	0.2809850334717098	0.2486488744271499	0.2402814006497827	0.27262843436214707	0.2577647399772109	0.27817638080391444	-0.16965145937914586	-0.09364138259246554	-0.06345895875250582	-0.006796600807437547	-0.0902447049393192	0.020818449122138514	-0.03575216051938938	-0.0022362344439660065	0.10647339061374256	0.0025720113171502365
naca4412:a-6:re1000000:n9	naca4412	-6	1000000	9	0.18109497123192517	0.21268418553788063	0.2809850334717098	0.2486488744271499	0.2402814006497827	0.27262843436214707	0.2577647399772109	0.27817638080391444	-0.16965145937914586	-0.09364138259246554	-0.06345895875250582	-0.006796600807437547	-0.0902447049393192	0.020818449122138514	-0.03575216051938938	-0.0022362344439660065	0.10647339061374256	0.0025720113171502365
naca4412:a-3:re200000:n2	naca4412	-3	200000	2	0.18109497123192517	0.21268418553788063	0.2809850334717098	0.2486488744271499	0.2402814006497827	0.27262843436214707	0.2577647399772109	0.27817638080391444	-0.16965145937914586	-0.09364138259246554	-0.06345895875250582	-0.006796600807437547	-0.0902447049393192	0.020818449122138514	-0.03575216051938938	-0.0022362344439660065	0.10647339061374256	0.0025720113171502365
naca4412:a-3:re200000:n4	naca4412	-3	200000	4	0.18109497123192517	0.21268418553788063	0.2809850334717098	0.2486488744271499	0.2402814006497827	0.27262843436214707	0.2577647399772109	0.27817638080391444	-0.16965145937914586	-0.09364138259246554	-0.06345895875250582	-0.006796600807437547	-0.0902447049393192	0.020818449122138514	-0.03575216051938938	-0.0022362344439660065	0.10647339061374256	0.0025720113171502365
naca4412:a-3:re200000:n9	naca4412	-3	200000	9	0.18109497123192517	0.21268418553788063	0.2809850334717098	0.2486488744271499	0.2402814006497827	0.27262843436214707	0.2577647399772109	0.27817638080391444	-0.16965145937914586	-0.09364138259246554	-0.06345895875250582	-0.006796600807437547	-0.0902447049393192	0.020818449122138514	-0.03575216051938938	-0.0022362344439660065	0.10647339061374256	0.0025720113171502365
naca4412:a-3:re1000000:n2	naca4412	-3	1000000	2	0.18109497123192517	0.21268418553788063	0.2809850334717098	0.2486488744271499	0.2402814006497827	0.27262843436214707	0.2577647399772109	0.27817638080391444	-0.16965145937914586	-0.09364138259246554	-0.06345895875250582	-0.006796600807437547	-0.0902447049393192	0.020818449122138514	-0.03575216051938938	-0.0022362344439660065	0.10647339061374256	0.0025720113171502365
naca4412:a-3:re1000000:n4	naca4412	-3	1000000	4	0.18109497123192517	0.21268418553788063	0.2809850334717098	0.2486488744271499	0.2402814006497827	0.27262843436214707	0.2577647399772109	0.27817638080391444	-0.16965145937914586	-0.09364138259246554	-0.06345895875250582	-0.006796600807437547	-0.0902447049393192	0.020818449122138514	-0.03575216051938938	-0.0022362344439660065	0.10647339061374256	0.0025720113171502365
naca4412:a-3:re1000000:n9	naca4412	-3	1000000	9	0.18109497123192517	0.21268418553788063	0.2809850334717098	0.2486488744271499	0.2402814006497827	0.27262843436214707	0.2577647399772109	0.27817638080391444	-0.16965145937914586	-0.09364138259246554	-0.06345895875250582	-0.006796600807437547	-0.0902447049393192	0.020818449122138514	-0.03575216051938938	-0.0022362344439660065	0.10647339061374256	0.0025720113171502365
naca4412:a0:re200000:n2	naca4412	0	200000	2	0.18109497123192517	0.21268418553788063	0.2809850334717098	0.2486488744271499	0.2402814006497827	0.27262843436214707	0.2577647399772109	0.27817638080391444	-0.16965145937914586	-0.09364138259246554	-0.06345895875250582	-0.006796600807437547	-0.0902447049393192	0.020818449122138514	-0.03575216051938938	-0.0022362344439660065	0.10647339061374256	0.0025720113171502365
naca4412:a0:re200000:n4	naca4412	0	200000	4	0.18109497123192517	0.21268418553788063	0.2809850334717098	0.2486488744271499	0.2402814006497827	0.27262843436214707	0.2577647399772109	0.27817638080391444	-0.16965145937914586	-0.09364138259246554	-0.06345895875250582	-0.006796600807437547	-0.0902447049393192	0.020818449122138514	-0.03575216051938938	-0.0022362344439660065	0.10647339061374256	0.0025720113171502365
naca4412:a0:re200000:n9	naca4412	0	200000	9	0.18109497123192517	0.21268418553788063	0.2809850334717098	0.2486488744271499	0.2402814006497827	0.27262843436214707	0.2577647399772109	0.27817638080391444	-0.16965145937914586	-0.09364138259246554	-0.06345895875250582	-0.006796600807437547	-0.0902447049393192	0.020818449122138514	-0.03575216051938938	-0.0022362344439660065	0.10647339061374256	0.0025720113171502365
naca4412:a0:re1000000:n2	naca4412	0	1000000	2	0.18109497123192517	0.21268418553788063	0.2809850334717098	0.2486488744271499	0.2402814006497827	0.27262843436214707	0.2577647399772109	0.27817638080391444	-0.16965145937914586	-0.09364138259246554	-0.06345895875250582	-0.006796600807437547	-0.0902447049393192	0.020818449122138514	-0.03575216051938938	-0.0022362344439660065	0.10647339061374256	0.0025720113171502365
naca4412:a0:re1000000:n4	naca4412	0	1000000	4	0.18109497123192517	0.21268418553788063	0.2809850334717098	0.2486488744271499	0.2402814006497827	0.27262843436214707	0.2577647399772109	0.27817638080391444	-0.16965145937914586	-0.09364138259246554	-0.06345895875250582	-0.006796600807437547	-0.0902447049393192	0.020818449122138514	-0.03575216051938938	-0.0022362344439660065	0.10647339061374256	0.0025720113171502365
naca4412:a0:re1000000:n9	naca4412	0	1000000	9	0.18109497123192517	0.21268418553788063	0.2809850334717098	0.2486488744271499	0.2402814006497827	0.27262843436214707	0.2577647399772109	0.27817638080391444	-0.16965145937914586	-0.09364138259246554	-0.06345895875250582	-0.006796600807437547	-0.0902447049393192	0.020818449122138514	-0.03575216051938938	-0.0022362344439660065	0.10647339061374256	0.0025720113171502365
naca4412:a3:re200000:n2	naca4412	3	200000	2	0.18109497123192517	0.21268418553788063	0.2809850334717098	0.2486488744271499	0.2402814006497827	0.27262843436214707	0.2577647399772109	0.27817638080391444	-0.16965145937914586	-0.09364138259246554	-0.06345895875250582	-0.006796600807437547	-0.0902447049393192	0.020818449122138514	-0.03575216051938938	-0.0022362344439660065	0.10647339061374256	0.0025720113171502365
naca4412:a3:re200000:n4	naca4412	3	200000	4	0.18109497123192517	0.21268418553788063	0.2809850334717098	0.2486488744271499	0.2402814006497827	0.27262843436214707	0.2577647399772109	0.27817638080391444	-0.16965145937914586	-0.09364138259246554	-0.06345895875250582	-0.006796600807437547	-0.0902447049393192	0.020818449122138514	-0.03575216051938938	-0.0022362344439660065	0.10647339061374256	0.0025720113171502365
naca4412:a3:re200000:n9	naca4412	3	200000	9	0.18109497123192517	0.21268418553788063	0.2809850334717098	0.2486488744271499	0.2402814006497827	0.27262843436214707	0.2577647399772109	0.27817638080391444	-0.16965145937914586	-0.09364138259246554	-0.06345895875250582	-0.006796600807437547	-0.0902447049393192	0.020818449122138514	-0.03575216051938938	-0.0022362344439660065	0.10647339061374256	0.0025720113171502365
naca4412:a3:re1000000:n2	naca4412	3	1000000	2	0.18109497123192517	0.21268418553788063	0.2809850334717098	0.2486488744271499	0.2402814006497827	0.27262843436214707	0.2577647399772109	0.27817638080391444	-0.16965145937914586	-0.09364138259246554	-0.06345895875250582	-0.006796600807437547	-0.0902447049393192	0.020818449122138514	-0.03575216051938938	-0.0022362344439660065	0.10647339061374256	0.0025720113171502365
naca4412:a3:re1000000:n4	naca4412	3	1000000	4	0.18109497123192517	0.21268418553788063	0.2809850334717098	0.2486488744271499	0.2402814006497827	0.27262843436214707	0.2577647399772109	0.27817638080391444	-0.16965145937914586	-0.09364138259246554	-0.06345895875250582	-0.006796600807437547	-0.0902447049393192	0.020818449122138514	-0.03575216051938938	-0.0022362344439660065	0.10647339061374256	0.0025720113171502365
naca4412:a3:re1000000:n9	naca4412	3	1000000	9	0.18109497123192517	0.21268418553788063	0.2809850334717098	0.2486488744271499	0.2402814006497827	0.27262843436214707	0.2577647399772109	0.27817638080391444	-0.16965145937914586	-0.09364138259246554	-0.06345895875250582	-0.006796600807437547	-0.0902447049393192	0.020818449122138514	-0.03575216051938938	-0.0022362344439660065	0.10647339061374256	0.0025720113171502365
naca4412:a6:re200000:n2	naca4412	6	200000	2	0.18109497123192517	0.21268418553788063	0.2809850334717098	0.2486488744271499	0.2402814006497827	0.27262843436214707	0.2577647399772109	0.27817638080391444	-0.16965145937914586	-0.09364138259246554	-0.06345895875250582	-0.006796600807437547	-0.0902447049393192	0.020818449122138514	-0.03575216051938938	-0.0022362344439660065	0.10647339061374256	0.0025720113171502365
naca4412:a6:re200000:n4	naca4412	6	200000	4	0.18109497123192517	0.21268418553788063	0.2809850334717098	0.2486488744271499	0.2402814006497827	0.27262843436214707	0.2577647399772109	0.27817638080391444	-0.16965145937914586	-0.09364138259246554	-0.06345895875250582	-0.006796600807437547	-0.0902447049393192	0.020818449122138514	-0.03575216051938938	-0.0022362344439660065	0.10647339061374256	0.0025720113171502365
naca4412:a6:re200000:n9	naca4412	6	200000	9	0.18109497123192517	0.21268418553788063	0.2809850334717098	0.2486488744271499	0.2402814006497827	0.27262843436214707	0.2577647399772109	0.27817638080391444	-0.16965145937914586	-0.09364138259246554	-0.06345895875250582	-0.006796600807437547	-0.0902447049393192	0.020818449122138514	-0.03575216051938938	-0.0022362344439660065	0.10647339061374256	0.0025720113171502365
naca4412:a6:re1000000:n2	naca4412	6	1000000	2	0.18109497123192517	0.21268418553788063	0.2809850334717098	0.2486488744271499	0.2402814006497827	0.27262843436214707	0.2577647399772109	0.27817638080391444	-0.16965145937914586	-0.09364138259246554	-0.06345895875250582	-0.006796600807437547	-0.0902447049393192	0.020818449122138514	-0.03575216051938938	-0.0022362344439660065	0.10647339061374256	0.0025720113171502365
naca4412:a6:re1000000:n4	naca4412	6	1000000	4	0.18109497123192517	0.21268418553788063	0.2809850334717098	0.2486488744271499	0.2402814006497827	0.27262843436214707	0.2577647399772109	0.27817638080391444	-0.16965145937914586	-0.09364138259246554	-0.06345895875250582	-0.006796600807437547	-0.0902447049393192	0.020818449122138514	-0.03575216051938938	-0.0022362344439660065	0.10647339061374256	0.0025720113171502365
naca4412:a6:re1000000:n9	naca4412	6	1000000	9	0.18109497123192517	0.21268418553788063	0.2809850334717098	0.2486488744271499	0.2402814006497827	0.27262843436214707	0.2577647399772109	0.27817638080391444	-0.16965145937914586	-0.09364138259246554	-0.06345895875250582	-0.006796600807437547	-0.0902447049393192	0.020818449122138514	-0.03575216051938938	-0.0022362344439660065	0.10647339061374256	0.0025720113171502365
