output	max_abs	max_relative_floor_1e-12	abs_worst_case	relative_worst_case
analysis_confidence	2.4424906541753444e-15	2.551215038287629e-15	naca4412:a-3:re1000000:n9	naca4412:a-3:re1000000:n9
CL	2.886579864025407e-15	0.0002220446049250313	naca2412:a6:re1000000:n4	naca0012:a0:re200000:n4
CD	2.6020852139652106e-17	2.696458690542268e-15	naca4412:a-3:re200000:n9	naca2412:a3:re1000000:n4
CM	4.718447854656915e-16	6.66133814775094e-05	naca4412:a6:re1000000:n2	naca0012:a0:re1000000:n2
Top_Xtr	1.5543122344752192e-15	5.631607631365291e-15	naca2412:a-3:re200000:n2	naca2412:a6:re200000:n2
Bot_Xtr	1.887379141862766e-15	1.706900392536436e-14	naca4412:a3:re1000000:n4	naca4412:a-6:re1000000:n4
upper_bl_theta_0	1.2197274440461925e-18	1.0158270420992797e-14	naca4412:a3:re200000:n2	naca4412:a-6:re1000000:n9
upper_bl_theta_1	2.927345865710862e-18	1.010152419211456e-14	naca2412:a3:re200000:n4	naca2412:a3:re200000:n4
upper_bl_theta_2	3.144186300207963e-18	8.415604919519755e-15	naca0012:a6:re200000:n2	naca0012:a0:re1000000:n9
upper_bl_theta_3	3.2526065174565133e-18	7.774472410622019e-15	naca4412:a3:re200000:n2	naca4412:a3:re200000:n2
upper_bl_theta_4	3.198396408832238e-18	8.582780631762393e-15	naca4412:a3:re200000:n2	naca2412:a-6:re1000000:n4
upper_bl_theta_5	6.288372600415926e-18	9.34650300924981e-15	naca0012:a6:re200000:n9	naca0012:a0:re1000000:n9
upper_bl_theta_6	6.5052130349130266e-18	8.773582385573822e-15	naca0012:a6:re200000:n9	naca4412:a6:re1000000:n4
upper_bl_theta_7	6.288372600415926e-18	7.240733655774523e-15	naca0012:a6:re200000:n4	naca2412:a-6:re1000000:n4
upper_bl_theta_8	8.239936510889834e-18	8.345382272331796e-15	naca2412:a6:re200000:n2	naca4412:a-6:re1000000:n2
upper_bl_theta_9	7.806255641895632e-18	7.85781634326509e-15	naca2412:a6:re200000:n2	naca0012:a0:re200000:n2
upper_bl_theta_10	7.15573433840433e-18	8.118495212990386e-15	naca2412:a6:re200000:n4	naca4412:a3:re200000:n2
upper_bl_theta_11	1.1275702593849246e-17	1.133411342221366e-14	naca0012:a6:re200000:n2	naca0012:a0:re1000000:n9
upper_bl_theta_12	1.0516761073109393e-17	1.1704676491790977e-14	naca4412:a3:re200000:n2	naca4412:a3:re200000:n2
upper_bl_theta_13	8.673617379884035e-18	9.754946868361656e-15	naca0012:a3:re1000000:n2	naca0012:a-6:re200000:n2
upper_bl_theta_14	1.3227266504323154e-17	1.0448053404584452e-14	naca2412:a6:re200000:n4	naca0012:a0:re1000000:n9
upper_bl_theta_15	1.7780915628762273e-17	1.0562805169545978e-14	naca2412:a6:re200000:n2	naca0012:a0:re1000000:n9
upper_bl_theta_16	1.496198998029996e-17	1.1250930635480845e-14	naca2412:a6:re1000000:n4	naca2412:a3:re200000:n4
upper_bl_theta_17	2.42861286636753e-17	9.424093328520845e-15	naca0012:a6:re200000:n4	naca0012:a0:re1000000:n9
upper_bl_theta_18	1.5612511283791264e-17	9.3189283865963e-15	naca0012:a6:re200000:n9	naca4412:a3:re200000:n2
upper_bl_theta_19	1.7780915628762273e-17	1.0442935145874766e-14	naca0012:a6:re200000:n9	naca4412:a3:re200000:n2
upper_bl_theta_20	1.7780915628762273e-17	9.884943859305235e-15	naca2412:a3:re200000:n4	naca2412:a3:re200000:n4
upper_bl_theta_21	1.734723475976807e-17	1.0853120576543491e-14	naca0012:a6:re1000000:n9	naca2412:a-6:re1000000:n4
upper_bl_theta_22	2.3418766925686896e-17	1.1007146755269256e-14	naca2412:a6:re1000000:n4	naca0012:a0:re1000000:n9
upper_bl_theta_23	2.992397996059992e-17	1.3106395229416607e-14	naca2412:a6:re1000000:n9	naca2412:a6:re1000000:n9
upper_bl_theta_24	2.47198095326695e-17	1.0376743144022902e-14	naca0012:a3:re200000:n2	naca0012:a-3:re1000000:n2
upper_bl_theta_25	3.0357660829594124e-17	1.140822019184389e-14	naca2412:a6:re1000000:n9	naca2412:a6:re1000000:n9
upper_bl_theta_26	3.5561831257524545e-17	1.2262613206369879e-14	naca2412:a6:re200000:n4	naca0012:a0:re1000000:n9
upper_bl_theta_27	5.377642775528102e-17	1.05394715593065e-14	naca0012:a6:re200000:n9	naca0012:a0:re1000000:n9
upper_bl_theta_28	4.85722573273506e-17	1.1589481762861269e-14	naca2412:a6:re200000:n4	naca0012:a0:re1000000:n9
upper_bl_theta_29	6.158268339717665e-17	1.3596707448509537e-14	naca2412:a6:re1000000:n4	naca2412:a6:re1000000:n4
upper_bl_theta_30	5.724587470723463e-17	1.2012997522564042e-14	naca2412:a6:re1000000:n4	naca0012:a0:re1000000:n9
upper_bl_theta_31	5.984795992119984e-17	1.2076489244660655e-14	naca0012:a6:re1000000:n4	naca0012:a-3:re1000000:n2
upper_bl_H_0	2.220446049250313e-15	8.272812278246549e-16	naca0012:a6:re1000000:n2	naca2412:a6:re1000000:n4
upper_bl_H_1	4.440892098500626e-15	2.054309000795777e-15	naca0012:a6:re1000000:n2	naca0012:a6:re1000000:n2
upper_bl_H_2	1.199040866595169e-14	4.050269610019978e-15	naca2412:a6:re1000000:n4	naca2412:a6:re1000000:n4
upper_bl_H_3	1.3766765505351941e-14	7.731026892172422e-15	naca0012:a6:re200000:n4	naca2412:a6:re1000000:n4
upper_bl_H_4	1.021405182655144e-14	3.7348673904959485e-15	naca2412:a6:re200000:n2	naca2412:a6:re200000:n2
upper_bl_H_5	3.375077994860476e-14	1.1779998290360044e-14	naca0012:a6:re200000:n9	naca0012:a6:re200000:n9
upper_bl_H_6	1.2434497875801753e-14	5.840536294361372e-15	naca0012:a3:re1000000:n4	naca0012:a6:re200000:n9
upper_bl_H_7	7.105427357601002e-15	4.181415171178354e-15	naca0012:a3:re1000000:n4	naca0012:a3:re1000000:n4
upper_bl_H_8	2.4424906541753444e-15	1.6645269555789365e-15	naca4412:a6:re1000000:n2	naca4412:a6:re1000000:n2
upper_bl_H_9	3.9968028886505635e-15	1.3929240593359276e-15	naca2412:a3:re1000000:n9	naca2412:a6:re1000000:n9
upper_bl_H_10	6.217248937900877e-15	1.6397643215157622e-15	naca2412:a6:re200000:n9	naca0012:a6:re1000000:n9
upper_bl_H_11	8.881784197001252e-15	4.021295960050113e-15	naca0012:a0:re1000000:n2	naca0012:a0:re1000000:n2
upper_bl_H_12	5.773159728050814e-15	3.4435975162507353e-15	naca0012:a0:re1000000:n2	naca0012:a0:re1000000:n2
upper_bl_H_13	8.881784197001252e-15	3.1739273798879095e-15	naca4412:a3:re1000000:n4	naca4412:a3:re1000000:n4
upper_bl_H_14	8.881784197001252e-15	3.611278760028007e-15	naca2412:a3:re200000:n9	naca2412:a0:re1000000:n2
upper_bl_H_15	1.865174681370263e-14	4.239497734404022e-15	naca2412:a3:re200000:n9	naca2412:a3:re200000:n9
upper_bl_H_16	2.398081733190338e-14	9.236346243590294e-15	naca4412:a3:re1000000:n9	naca4412:a3:re1000000:n9
upper_bl_H_17	1.4654943925052066e-14	8.423768445389365e-15	naca4412:a3:re1000000:n9	naca4412:a3:re1000000:n9
upper_bl_H_18	1.9539925233402755e-14	3.796665733083852e-15	naca2412:a3:re200000:n9	naca2412:a3:re200000:n9
upper_bl_H_19	1.2878587085651816e-14	6.221322450628797e-15	naca0012:a-3:re1000000:n2	naca0012:a-3:re1000000:n2
upper_bl_H_20	1.687538997430238e-14	6.355757061076259e-15	naca4412:a0:re1000000:n9	naca4412:a0:re1000000:n9
upper_bl_H_21	1.6431300764452317e-14	7.74823042742575e-15	naca2412:a0:re1000000:n9	naca4412:a0:re1000000:n9
upper_bl_H_22	1.5987211554602254e-14	5.566268132932302e-15	naca2412:a0:re200000:n9	naca2412:a0:re1000000:n9
upper_bl_H_23	1.021405182655144e-14	3.8132588644032845e-15	naca0012:a0:re200000:n4	naca0012:a0:re1000000:n9
upper_bl_H_24	1.4210854715202004e-14	5.147330706309402e-15	naca0012:a0:re200000:n4	naca0012:a0:re200000:n4
upper_bl_H_25	2.398081733190338e-14	4.57221307611748e-15	naca2412:a-3:re200000:n9	naca2412:a-3:re200000:n9
upper_bl_H_26	1.2434497875801753e-14	3.572716487252617e-15	naca2412:a0:re200000:n9	naca0012:a0:re200000:n4
upper_bl_H_27	2.4868995751603507e-14	6.290316303916169e-15	naca2412:a0:re200000:n9	naca2412:a0:re200000:n9
upper_bl_H_28	3.4638958368304884e-14	6.1363770366440235e-15	naca2412:a-3:re200000:n9	naca2412:a0:re200000:n9
upper_bl_H_29	2.3092638912203256e-14	6.2646737375251905e-15	naca2412:a-3:re200000:n9	naca4412:a-6:re1000000:n9
upper_bl_H_30	3.197442310920451e-14	5.390503584549883e-15	naca2412:a-6:re200000:n9	naca0012:a-3:re1000000:n9
upper_bl_H_31	2.842170943040401e-14	4.911128607474443e-15	naca0012:a-3:re200000:n9	naca0012:a-6:re200000:n9
upper_bl_ue/vinf_0	3.9968028886505635e-15	9.194320776506282e-15	naca4412:a-3:re200000:n2	naca4412:a-6:re200000:n9
upper_bl_ue/vinf_1	2.886579864025407e-15	2.1606951014097854e-15	naca4412:a3:re200000:n2	naca2412:a-3:re1000000:n4
upper_bl_ue/vinf_2	2.886579864025407e-15	2.0410794385176974e-15	naca4412:a3:re200000:n2	naca4412:a3:re200000:n2
upper_bl_ue/vinf_3	2.220446049250313e-15	1.4507529872287886e-15	naca2412:a6:re1000000:n4	naca2412:a6:re1000000:n4
upper_bl_ue/vinf_4	2.6645352591003757e-15	1.7741315242489447e-15	naca2412:a6:re1000000:n4	naca2412:a6:re1000000:n4
upper_bl_ue/vinf_5	1.9984014443252818e-15	1.603745134888974e-15	naca2412:a0:re1000000:n2	naca2412:a0:re1000000:n2
upper_bl_ue/vinf_6	1.9984014443252818e-15	1.307810386984606e-15	naca4412:a6:re1000000:n2	naca4412:a6:re1000000:n2
upper_bl_ue/vinf_7	2.4424906541753444e-15	1.717592829479339e-15	naca4412:a3:re200000:n4	naca4412:a3:re200000:n4
upper_bl_ue/vinf_8	3.1086244689504383e-15	2.1882028463055623e-15	naca2412:a6:re1000000:n4	naca2412:a6:re1000000:n4
upper_bl_ue/vinf_9	1.9984014443252818e-15	1.5864150396439657e-15	naca0012:a3:re200000:n9	naca0012:a3:re200000:n9
upper_bl_ue/vinf_10	2.4424906541753444e-15	1.771671193785047e-15	naca2412:a6:re1000000:n4	naca2412:a6:re1000000:n4
upper_bl_ue/vinf_11	2.6645352591003757e-15	1.858806356821474e-15	naca4412:a6:re1000000:n2	naca4412:a6:re1000000:n2
upper_bl_ue/vinf_12	2.220446049250313e-15	2.078807234944674e-15	naca0012:a-3:re1000000:n2	naca0012:a-3:re1000000:n2
upper_bl_ue/vinf_13	1.7763568394002505e-15	1.5494676777488629e-15	naca2412:a3:re200000:n4	naca0012:a-6:re200000:n2
upper_bl_ue/vinf_14	1.7763568394002505e-15	1.3961824227082643e-15	naca4412:a0:re1000000:n9	naca4412:a0:re1000000:n9
upper_bl_ue/vinf_15	2.4424906541753444e-15	1.9122361700189066e-15	naca2412:a6:re1000000:n4	naca2412:a6:re1000000:n4
upper_bl_ue/vinf_16	2.220446049250313e-15	2.0191599554558554e-15	naca0012:a0:re200000:n4	naca0012:a0:re200000:n9
upper_bl_ue/vinf_17	2.220446049250313e-15	1.7271813773029277e-15	naca4412:a3:re200000:n4	naca4412:a3:re200000:n4
upper_bl_ue/vinf_18	1.7763568394002505e-15	1.625634282234955e-15	naca0012:a0:re200000:n4	naca0012:a0:re200000:n4
upper_bl_ue/vinf_19	2.4424906541753444e-15	1.9877469180873233e-15	naca4412:a3:re200000:n4	naca4412:a3:re200000:n4
upper_bl_ue/vinf_20	1.7763568394002505e-15	1.7117388455134367e-15	naca0012:a-3:re1000000:n4	naca0012:a-3:re1000000:n4
upper_bl_ue/vinf_21	1.7763568394002505e-15	1.4890492845015852e-15	naca4412:a3:re200000:n4	naca4412:a3:re200000:n4
upper_bl_ue/vinf_22	1.5543122344752192e-15	1.4225655537139794e-15	naca0012:a3:re200000:n9	naca0012:a3:re200000:n9
upper_bl_ue/vinf_23	1.9984014443252818e-15	1.8771421589356858e-15	naca0012:a0:re200000:n4	naca0012:a0:re200000:n4
upper_bl_ue/vinf_24	1.9984014443252818e-15	1.787030862189925e-15	naca2412:a6:re1000000:n4	naca2412:a6:re1000000:n4
upper_bl_ue/vinf_25	1.5543122344752192e-15	1.515598591613271e-15	naca2412:a-6:re1000000:n2	naca2412:a-6:re1000000:n2
upper_bl_ue/vinf_26	1.5543122344752192e-15	1.4163165369559531e-15	naca4412:a3:re200000:n2	naca4412:a3:re200000:n2
upper_bl_ue/vinf_27	1.7763568394002505e-15	1.6866122038714254e-15	naca2412:a3:re200000:n4	naca2412:a3:re200000:n4
upper_bl_ue/vinf_28	1.3322676295501878e-15	1.297447521617233e-15	naca0012:a3:re200000:n9	naca0012:a3:re200000:n9
upper_bl_ue/vinf_29	1.5543122344752192e-15	1.5368377652149322e-15	naca4412:a3:re200000:n4	naca4412:a3:re200000:n4
upper_bl_ue/vinf_30	1.2212453270876722e-15	1.255871003529061e-15	naca4412:a-3:re200000:n2	naca4412:a-3:re200000:n2
upper_bl_ue/vinf_31	1.4432899320127035e-15	1.5535639629279786e-15	naca2412:a6:re1000000:n4	naca2412:a6:re1000000:n4
lower_bl_theta_0	1.4094628242311558e-18	1.1334279042494612e-14	naca0012:a6:re200000:n9	naca0012:a6:re200000:n9
lower_bl_theta_1	3.0899761915836876e-18	9.365005434206798e-15	naca4412:a-3:re200000:n2	naca4412:a-3:re200000:n2
lower_bl_theta_2	6.5052130349130266e-18	9.789581232910751e-15	naca4412:a-6:re200000:n9	naca0012:a0:re1000000:n9
lower_bl_theta_3	6.7220534694101275e-18	7.748521039058988e-15	naca4412:a-6:re200000:n9	naca2412:a6:re1000000:n2
lower_bl_theta_4	9.75781955236954e-18	9.752760843641263e-15	naca2412:a-6:re200000:n4	naca2412:a-6:re200000:n4
lower_bl_theta_5	1.2576745200831851e-17	9.781224079447497e-15	naca4412:a-6:re200000:n9	naca0012:a0:re1000000:n9
lower_bl_theta_6	3.122502256758253e-17	1.0830532209880251e-14	naca4412:a-6:re200000:n9	naca4412:a-6:re200000:n9
lower_bl_theta_7	1.0842021724855044e-17	8.06984562178627e-15	naca4412:a-6:re200000:n2	naca4412:a0:re200000:n9
lower_bl_theta_8	4.423544863740858e-17	1.2755013374585362e-14	naca4412:a-6:re200000:n9	naca4412:a-6:re200000:n9
lower_bl_theta_9	2.211772431870429e-17	9.408272422298778e-15	naca4412:a-6:re200000:n9	naca4412:a0:re1000000:n2
lower_bl_theta_10	3.903127820947816e-17	9.569472470246908e-15	naca4412:a-6:re200000:n9	naca4412:a-6:re200000:n9
lower_bl_theta_11	3.729655473350135e-17	1.161055521299936e-14	naca4412:a-6:re200000:n9	naca0012:a0:re1000000:n9
lower_bl_theta_12	3.903127820947816e-17	9.838414742316222e-15	naca4412:a-6:re200000:n9	naca4412:a-6:re1000000:n9
lower_bl_theta_13	3.122502256758253e-17	9.62131745920602e-15	naca4412:a-6:re200000:n9	naca0012:a6:re200000:n2
lower_bl_theta_14	2.2551405187698492e-17	9.552915315009696e-15	naca2412:a-6:re200000:n4	naca2412:a6:re1000000:n4
lower_bl_theta_15	4.423544863740858e-17	1.0118119753436065e-14	naca4412:a-6:re200000:n9	naca4412:a-3:re200000:n2
lower_bl_theta_16	3.382710778154774e-17	9.259844769313425e-15	naca4412:a-6:re200000:n9	naca0012:a-3:re1000000:n2
lower_bl_theta_17	3.122502256758253e-17	1.235697993869992e-14	naca4412:a-6:re200000:n9	naca2412:a3:re200000:n4
lower_bl_theta_18	4.5102810375396984e-17	1.1809688446510319e-14	naca4412:a-6:re200000:n9	naca0012:a6:re1000000:n2
lower_bl_theta_19	6.765421556309548e-17	1.2534664878270546e-14	naca4412:a-6:re200000:n9	naca4412:a-3:re200000:n2
lower_bl_theta_20	4.336808689942018e-17	9.211185470003148e-15	naca4412:a-6:re200000:n9	naca2412:a6:re200000:n4
lower_bl_theta_21	4.85722573273506e-17	1.1897262029625058e-14	naca4412:a-6:re200000:n9	naca2412:a-3:re1000000:n4
lower_bl_theta_22	5.2909066017292616e-17	1.0121541592069323e-14	naca4412:a-6:re200000:n9	naca0012:a0:re200000:n4
lower_bl_theta_23	3.209238430557093e-17	1.3674677492828851e-14	naca2412:a-6:re200000:n4	naca0012:a3:re1000000:n2
lower_bl_theta_24	3.903127820947816e-17	1.2298134848095422e-14	naca4412:a-6:re200000:n9	naca2412:a3:re200000:n4
lower_bl_theta_25	3.2959746043559335e-17	1.1445315435886703e-14	naca4412:a-6:re200000:n9	naca0012:a0:re1000000:n9
lower_bl_theta_26	5.377642775528102e-17	1.1605687498885761e-14	naca2412:a-6:re200000:n9	naca0012:a0:re1000000:n9
lower_bl_theta_27	4.9439619065339e-17	1.0248411461849067e-14	naca2412:a-6:re200000:n9	naca2412:a6:re1000000:n9
lower_bl_theta_28	4.683753385137379e-17	1.1408396110316542e-14	naca2412:a-6:re200000:n9	naca0012:a0:re1000000:n9
lower_bl_theta_29	3.5128150388530344e-17	1.1585369819822323e-14	naca2412:a-3:re1000000:n4	naca2412:a-3:re1000000:n4
lower_bl_theta_30	4.85722573273506e-17	1.1386230179396029e-14	naca4412:a-6:re200000:n9	naca0012:a3:re1000000:n2
lower_bl_theta_31	6.158268339717665e-17	1.2569407173014125e-14	naca0012:a-6:re1000000:n4	naca0012:a3:re1000000:n2
lower_bl_H_0	8.43769498715119e-15	2.2893906305535707e-15	naca4412:a-6:re200000:n9	naca4412:a-6:re200000:n9
lower_bl_H_1	2.842170943040401e-14	6.474564136205015e-15	naca2412:a-6:re200000:n9	naca2412:a-6:re1000000:n4
lower_bl_H_2	3.019806626980426e-14	5.242157975174353e-15	naca4412:a-6:re200000:n9	naca4412:a-6:re200000:n9
lower_bl_H_3	2.2648549702353193e-14	9.289057314811709e-15	naca2412:a-6:re200000:n9	naca2412:a-6:re200000:n9
lower_bl_H_4	2.6645352591003757e-14	4.110237367901282e-15	naca4412:a-3:re200000:n9	naca4412:a-3:re200000:n9
lower_bl_H_5	1.3322676295501878e-14	5.720788105583827e-15	naca2412:a-3:re200000:n2	naca2412:a-3:re200000:n2
lower_bl_H_6	9.325873406851315e-15	3.875801192234076e-15	naca0012:a-3:re1000000:n4	naca0012:a-3:re1000000:n4
lower_bl_H_7	7.105427357601002e-15	3.78940749888029e-15	naca2412:a0:re1000000:n2	naca0012:a-3:re1000000:n4
lower_bl_H_8	6.217248937900877e-15	2.6724874307276006e-15	naca2412:a-3:re200000:n9	naca4412:a0:re1000000:n2
lower_bl_H_9	1.2434497875801753e-14	3.0194075563890826e-15	naca2412:a-3:re200000:n9	naca2412:a-3:re200000:n9
lower_bl_H_10	1.1102230246251565e-14	2.8274182199501184e-15	naca2412:a-3:re200000:n9	naca2412:a-3:re200000:n9
lower_bl_H_11	1.9539925233402755e-14	8.554036234161883e-15	naca2412:a0:re1000000:n4	naca2412:a0:re1000000:n4
lower_bl_H_12	1.176836406102666e-14	6.463268526752836e-15	naca2412:a0:re1000000:n4	naca2412:a0:re1000000:n4
lower_bl_H_13	8.43769498715119e-15	3.725498738296486e-15	naca4412:a0:re1000000:n9	naca4412:a0:re1000000:n9
lower_bl_H_14	7.993605777301127e-15	4.3230363302506645e-15	naca4412:a0:re1000000:n9	naca4412:a0:re1000000:n9
lower_bl_H_15	9.769962616701378e-15	3.678160100866639e-15	naca2412:a3:re1000000:n9	naca2412:a3:re1000000:n9
lower_bl_H_16	7.549516567451064e-15	2.947555692331128e-15	naca0012:a0:re1000000:n9	naca4412:a0:re200000:n4
lower_bl_H_17	6.661338147750939e-15	3.0342425709453395e-15	naca4412:a3:re1000000:n4	naca4412:a0:re200000:n4
lower_bl_H_18	1.1546319456101628e-14	4.158060052247264e-15	naca0012:a-3:re200000:n9	naca0012:a3:re1000000:n4
lower_bl_H_19	1.1546319456101628e-14	4.934152288429735e-15	naca0012:a3:re1000000:n4	naca0012:a3:re1000000:n2
lower_bl_H_20	8.215650382226158e-15	4.847745824258403e-15	naca0012:a3:re1000000:n2	naca0012:a3:re1000000:n2
lower_bl_H_21	1.2878587085651816e-14	3.834106426462743e-15	naca2412:a0:re200000:n9	naca2412:a0:re200000:n9
lower_bl_H_22	1.0658141036401503e-14	4.119798336524191e-15	naca0012:a0:re1000000:n9	naca0012:a0:re1000000:n9
lower_bl_H_23	9.325873406851315e-15	4.2754720600885674e-15	naca4412:a0:re200000:n9	naca0012:a0:re1000000:n9
lower_bl_H_24	1.4210854715202004e-14	3.1763326180032227e-15	naca0012:a0:re200000:n9	naca0012:a3:re1000000:n4
lower_bl_H_25	1.2434497875801753e-14	3.903538519819593e-15	naca0012:a0:re200000:n9	naca0012:a3:re1000000:n4
lower_bl_H_26	7.105427357601002e-15	2.3811688308319033e-15	naca0012:a0:re200000:n9	naca0012:a3:re1000000:n4
lower_bl_H_27	1.509903313490213e-14	4.4083535776346906e-15	naca2412:a0:re200000:n9	naca2412:a3:re1000000:n9
lower_bl_H_28	8.881784197001252e-15	2.245233584638351e-15	naca0012:a3:re200000:n9	naca2412:a3:re200000:n9
lower_bl_H_29	7.993605777301127e-15	2.4579057338389168e-15	naca4412:a0:re200000:n9	naca4412:a0:re200000:n9
lower_bl_H_30	2.3092638912203256e-14	4.247751649834957e-15	naca2412:a0:re200000:n9	naca2412:a0:re200000:n9
lower_bl_H_31	3.907985046680551e-14	7.620759778817657e-15	naca0012:a3:re200000:n9	naca2412:a0:re200000:n9
lower_bl_ue/vinf_0	2.9976021664879227e-15	1.1357952571786866e-14	naca4412:a6:re1000000:n9	naca0012:a6:re200000:n9
lower_bl_ue/vinf_1	3.1086244689504383e-15	2.3708056459579173e-15	naca0012:a-6:re1000000:n2	naca0012:a6:re200000:n9
lower_bl_ue/vinf_2	1.7763568394002505e-15	1.9995992793845446e-15	naca2412:a-6:re1000000:n2	naca2412:a6:re1000000:n9
lower_bl_ue/vinf_3	2.220446049250313e-15	1.5667001394834959e-15	naca2412:a-6:re1000000:n2	naca2412:a3:re200000:n2
lower_bl_ue/vinf_4	2.220446049250313e-15	2.3041171267102435e-15	naca0012:a0:re200000:n9	naca2412:a6:re1000000:n2
lower_bl_ue/vinf_5	1.5543122344752192e-15	1.5116276013731898e-15	naca2412:a-6:re1000000:n4	naca2412:a6:re1000000:n9
lower_bl_ue/vinf_6	1.7763568394002505e-15	1.464225513990645e-15	naca2412:a-3:re1000000:n9	naca2412:a-3:re1000000:n9
lower_bl_ue/vinf_7	1.9984014443252818e-15	1.612764983118172e-15	naca2412:a-6:re1000000:n4	naca2412:a0:re200000:n4
lower_bl_ue/vinf_8	1.7763568394002505e-15	1.521987581170987e-15	naca0012:a0:re200000:n4	naca0012:a0:re200000:n4
lower_bl_ue/vinf_9	1.5543122344752192e-15	1.3400007435398253e-15	naca0012:a-3:re1000000:n4	naca0012:a0:re200000:n4
lower_bl_ue/vinf_10	1.9984014443252818e-15	1.7344053532705212e-15	naca0012:a0:re200000:n4	naca0012:a0:re200000:n4
lower_bl_ue/vinf_11	1.7763568394002505e-15	1.4896080889038816e-15	naca2412:a-6:re1000000:n4	naca2412:a-6:re1000000:n4
lower_bl_ue/vinf_12	2.220446049250313e-15	2.078807234944674e-15	naca0012:a3:re1000000:n2	naca0012:a3:re1000000:n2
lower_bl_ue/vinf_13	1.7763568394002505e-15	1.7017324254763135e-15	naca2412:a0:re200000:n9	naca2412:a0:re200000:n9
lower_bl_ue/vinf_14	1.3322676295501878e-15	1.191146116735744e-15	naca2412:a-6:re1000000:n4	naca2412:a6:re1000000:n9
lower_bl_ue/vinf_15	1.5543122344752192e-15	1.3732012146973469e-15	naca2412:a-6:re1000000:n4	naca2412:a-6:re1000000:n4
lower_bl_ue/vinf_16	2.220446049250313e-15	2.0191599554558554e-15	naca0012:a0:re200000:n9	naca0012:a0:re200000:n9
lower_bl_ue/vinf_17	1.5543122344752192e-15	1.4149758640857356e-15	naca0012:a0:re200000:n4	naca0012:a0:re1000000:n9
lower_bl_ue/vinf_18	1.5543122344752192e-15	1.4230325139882718e-15	naca0012:a0:re1000000:n9	naca0012:a0:re1000000:n9
lower_bl_ue/vinf_19	1.7763568394002505e-15	1.6860113945290549e-15	naca2412:a-6:re1000000:n4	naca4412:a3:re200000:n9
lower_bl_ue/vinf_20	1.3322676295501878e-15	1.2541738316869232e-15	naca0012:a-6:re1000000:n2	naca4412:a6:re1000000:n2
lower_bl_ue/vinf_21	1.3322676295501878e-15	1.2925860608750827e-15	naca0012:a3:re1000000:n9	naca0012:a3:re1000000:n9
lower_bl_ue/vinf_22	1.7763568394002505e-15	1.625789204244548e-15	naca0012:a-3:re200000:n9	naca0012:a-3:re200000:n9
lower_bl_ue/vinf_23	1.5543122344752192e-15	1.4599994569499775e-15	naca0012:a0:re200000:n4	naca0012:a0:re200000:n4
lower_bl_ue/vinf_24	1.5543122344752192e-15	1.5399047551495323e-15	naca2412:a-3:re200000:n4	naca2412:a-3:re200000:n4
lower_bl_ue/vinf_25	1.3322676295501878e-15	1.316590806006735e-15	naca2412:a-6:re1000000:n9	naca2412:a-6:re1000000:n9
lower_bl_ue/vinf_26	1.6653345369377348e-15	1.678242880115604e-15	naca4412:a-6:re200000:n9	naca4412:a-6:re200000:n9
lower_bl_ue/vinf_27	1.3322676295501878e-15	1.312824527003243e-15	naca0012:a-3:re1000000:n4	naca0012:a-3:re1000000:n4
lower_bl_ue/vinf_28	1.5543122344752192e-15	1.622265982494836e-15	naca2412:a0:re1000000:n2	naca2412:a0:re1000000:n2
lower_bl_ue/vinf_29	1.4432899320127035e-15	1.5253896971171831e-15	naca0012:a6:re1000000:n9	naca0012:a6:re1000000:n9
lower_bl_ue/vinf_30	1.3322676295501878e-15	1.4498917627774257e-15	naca0012:a-6:re1000000:n2	naca4412:a3:re200000:n2
lower_bl_ue/vinf_31	1.6653345369377348e-15	1.8132547534618734e-15	naca4412:a3:re200000:n2	naca4412:a3:re200000:n2
