r,alpha,flip,k2_by_n,k3_by_n,anyout_by_n,k1_by_n,k1_alpha_eff_n32..256,k2_alpha_eff,k3_alpha_eff,edge_tip_chords_by_n,edge_eta_n256
0.01,5,no,in/in/in/in,in/in/in/in,0/0/0/0,in/in/in/in,5.11/4.66/4.47/4.40,5.66/4.97/4.57/4.42,5.84/5.34/4.74/4.48,0.482/0.482/0.482/0.610,0.998475
0.01,8,FLIP,in/in/in/in,out/in/in/in,1/1/0/0,in/in/in/in,8.17/7.46/7.15/7.04,9.06/7.96/7.32/7.08,9.35/8.55/7.59/7.16,0.482/0.482/0.482/0.610,0.998475
0.01,18,no,out/out/out/out,out/out/out/out,1/1/1/1,out/out/out/out,18.38/16.80/16.12/15.87,20.35/17.91/16.49/15.96,20.99/19.22/17.09/16.14,0.482/0.482/0.482/0.610,0.998475
0.02,5,no,in/in/in/in,in/in/in/in,0/0/0/0,in/in/in/in,4.64/4.35/4.24/4.20,5.08/4.53/4.29/4.21,5.43/4.79/4.38/4.23,0.241/0.542/0.542/0.542,0.997290
0.02,8,no,in/in/in/in,in/in/in/in,0/0/0/0,in/in/in/in,7.42/6.96/6.79/6.72,8.13/7.25/6.87/6.74,8.68/7.67/7.01/6.78,0.241/0.542/0.542/0.542,0.997290
0.02,18,no,out/out/out/out,out/out/out/out,1/1/1/1,out/out/out/out,16.72/15.70/15.31/15.15,18.29/16.34/15.48/15.20,19.52/17.26/15.81/15.28,0.241/0.542/0.542/0.542,0.997290
0.05,5,no,in/in/in/in,in/in/in/in,0/0/0/0,in/in/in/in,4.16/4.02/3.96/3.94,4.40/4.09/3.98/3.94,4.71/4.22/4.02/3.95,0.385/0.602/0.602/0.602,0.992479
0.05,8,no,in/in/in/in,in/in/in/in,0/0/0/0,in/in/in/in,6.66/6.43/6.34/6.31,7.05/6.55/6.37/6.32,7.54/6.76/6.43/6.33,0.385/0.602/0.602/0.602,0.992479
0.05,18,no,out/out/out/out,out/out/out/out,1/1/1/1,out/out/out/out,15.03/14.52/14.32/14.24,15.88/14.78/14.39/14.26,16.98/15.24/14.52/14.29,0.385/0.602/0.602/0.602,0.992479
0.1,5,no,in/in/in/in,in/in/in/in,0/0/0/0,in/in/in/in,3.87/3.79/3.76/3.75,4.01/3.83/3.77/3.75,4.21/3.90/3.79/3.75,0.433/0.589/0.589/0.632,0.984210
0.1,8,no,in/in/in/in,in/in/in/in,0/0/0/0,in/in/in/in,6.20/6.07/6.02/6.00,6.42/6.13/6.03/6.00,6.74/6.24/6.06/6.01,0.433/0.589/0.589/0.632,0.984210
0.1,18,no,out/out/out/out,out/out/out/out,1/1/1/1,out/out/out/out,14.01/13.72/13.61/13.56,14.48/13.85/13.64/13.56,15.20/14.08/13.70/13.58,0.433/0.589/0.589/0.632,0.984210
0.25,5,no,in/in/in/in,in/in/in/in,0/0/0/0,in/in/in/in,3.54/3.51/3.49/3.48,3.59/3.52/3.49/3.48,3.69/3.54/3.50/3.48,0.689/0.689/0.689/0.689,0.956940
0.25,8,no,in/in/in/in,in/in/in/in,0/0/0/0,in/in/in/in,5.67/5.61/5.59/5.58,5.76/5.63/5.59/5.58,5.90/5.67/5.60/5.58,0.689/0.689/0.689/0.689,0.956940
0.25,18,no,out/out/out/out,out/out/out/out,1/1/1/1,out/out/out/out,12.83/12.70/12.64/12.62,13.02/12.74/12.65/12.62,13.35/12.83/12.68/12.63,0.689/0.689/0.689/0.689,0.956940
1.0,5,no,in/in/in/in,in/in/in/in,0/0/0/0,in/in/in/in,3.08/3.07/3.06/3.06,3.09/3.07/3.06/3.06,3.11/3.07/3.06/3.06,0.908/0.847/0.877/0.892,0.776888
1.0,8,no,in/in/in/in,in/in/in/in,0/0/0/0,in/in/in/in,4.93/4.91/4.90/4.90,4.94/4.92/4.91/4.90,4.98/4.92/4.91/4.90,0.908/0.847/0.877/0.892,0.776888
1.0,18,no,out/out/out/out,out/out/out/out,1/1/1/1,out/out/out/out,11.18/11.14/11.13/11.12,11.21/11.15/11.13/11.12,11.28/11.17/11.13/11.12,0.908/0.908/0.908/0.892,0.776888
