r,n,alpha,eta_k1,chord_k1,alpha_eff_k1,cl_local_k1,verdict_k1,eta_k2,chord_k2,alpha_eff_k2,cl_local_k2,verdict_k2,eta_k3,chord_k3,alpha_eff_k3,cl_local_k3,verdict_k3,any_judged_out,edge_eta,edge_tip_chords,edge_ratio,seconds,CL,AR,strips
0.01,32,5,0.9993977281025862,0.0026490622946099274,5.106939133830106,0.4535067080764073,in,0.9969900914386847,0.003244952368925552,5.6634051986131935,0.6051011429994084,in,0.9921806183184889,0.004435296966174007,5.842799353363018,0.6398666893239666,in,0,0.9987954562051724,0.482,0.8691,0.028,0.462334444070739,15.841584158415841,64
0.01,64,5,0.9998494093481021,0.002537271186344753,4.6618502734425125,0.2715574381862159,in,0.9992471374506884,0.0026863334809546224,4.9742904201521325,0.4321112125325694,in,0.9980429564419313,0.002984368280622013,5.343492799314305,0.5403357696004242,in,0,0.9987954562051724,0.482,0.8507,0.061,0.4617293392735533,15.841584158415849,128
0.01,128,5,0.9999623509195723,0.002509318147405848,4.470604670169526,0.1485494740580588,in,0.9998117602676744,0.0025465893337505985,4.574132358818345,0.2510205717061601,in,0.9995106016422769,0.0026211260935364578,4.743799466441148,0.3480899352569021,in,0,0.9987954562051724,0.482,0.8486,0.224,0.4614291300287306,15.841584158415856,256
0.01,256,5,0.9999905876413006,0.0025023295587781047,4.398950621278221,0.07762062567449174,in,0.9999529385608728,0.002511647706184006,4.424777821142034,0.13334312558568556,in,0.999877641817484,0.0025302836501727155,4.475486931143436,0.19129181750776508,in,0,0.9984755805732948,0.610,0.8953,1.634,0.46127869439795327,15.841584158415834,512
0.01,32,8,0.9993977281025862,0.0026490622946099274,8.170763857892995,0.7241741379214012,in,0.9969900914386847,0.003244952368925552,9.05934681724122,0.9662450208190151,in,0.9921806183184889,0.004435296966174007,9.345809189352826,1.0217597664459124,out:cl,1,0.9987954562051724,0.482,0.8697,0.005,0.7382705514686418,15.841584158415841,64
0.01,64,8,0.9998494093481021,0.002537271186344753,7.460031610652885,0.43363167554627335,in,0.9992471374506884,0.0026863334809546224,7.95894611371544,0.6900091205910523,in,0.9980429564419313,0.002984368280622013,8.548500380249589,0.8628255837674572,in,1,0.9987954562051724,0.482,0.8512,0.033,0.7373043006127002,15.841584158415849,128
0.01,128,8,0.9999623509195723,0.002509318147405848,7.154644463307455,0.2372085911826199,in,0.9998117602676744,0.0025465893337505985,7.319960815509275,0.4008377447974128,in,0.9995106016422769,0.0026211260935364578,7.590890725052483,0.5558412351892111,in,0,0.9987954562051724,0.482,0.8491,0.177,0.7368249168082411,15.841584158415856,256
0.01,256,8,0.9999905876413006,0.0025023295587781047,7.040224967056708,0.12394711849173869,in,0.9999529385608728,0.002511647706184006,7.0814666727761955,0.2129266035079018,in,0.999877641817484,0.0025302836501727155,7.1624406150929705,0.3054609437260281,in,0,0.9984755805732948,0.610,0.8958,1.262,0.7365846963411771,15.841584158415834,512
0.01,32,18,0.9993977281025862,0.0026490622946099274,18.37916043940923,1.6079408589792972,out:alpha+cl,0.9969900914386847,0.003244952368925552,20.35215114994442,2.145429900630923,out:alpha+cl,0.9921806183184889,0.004435296966174007,20.988206110427374,2.268693661506928,out:alpha+cl,1,0.9987954562051724,0.482,0.8733,0.005,1.6392402359119445,15.841584158415841,64
0.01,64,18,0.9998494093481021,0.002537271186344753,16.801065668707068,0.9628265528231048,out:alpha,0.9992471374506884,0.0026863334809546224,17.908844823751483,1.532081580890626,out:alpha+cl,0.9980429564419313,0.002984368280622013,19.217878582491867,1.9157995814301485,out:alpha+cl,1,0.9987954562051724,0.482,0.8546,0.032,1.6370947930551334,15.841584158415849,128
0.01,128,18,0.9999623509195723,0.002509318147405848,16.122990539659643,0.5266929125061467,out:alpha,0.9998117602676744,0.0025465893337505985,16.490055453253007,0.8900116062289292,out:alpha,0.9995106016422769,0.0026211260935364578,17.091622464089017,1.2341780607239228,out:alpha+cl,1,0.9987954562051724,0.482,0.8526,0.173,1.636030379448017,15.841584158415856,256
0.01,256,18,0.9999905876413006,0.0025023295587781047,15.868935922888197,0.27520954662598873,out:alpha,0.9999529385608728,0.002511647706184006,15.960508129416704,0.4727777033390822,out:alpha,0.999877641817484,0.0025302836501727155,16.140300949328044,0.678238984961881,out:alpha,1,0.9984755805732948,0.610,0.8997,1.257,1.6354969990303434,15.841584158415834,512
0.02,32,5,0.9993977281025862,0.005147556614866378,4.637825547120935,0.3406531350193725,in,0.9969900914386847,0.005737427597522271,5.083142889177635,0.5063927629127012,in,0.9921806183184889,0.0069157485119702156,5.427571513752731,0.5820900359850046,in,0,0.9987954562051724,0.241,0.7183,0.005,0.46291083191966287,15.686274509803917,64
0.02,64,5,0.9998494093481021,0.005036894709714995,4.35131708830453,0.19367002539057304,in,0.9992471374506884,0.005184451324581341,4.531453297345189,0.32051274909422567,in,0.9980429564419313,0.0054794756717268245,4.790610587311965,0.42733247523566736,in,0,0.9972904566786902,0.542,0.8729,0.033,0.46228883912616914,15.686274509803928,128
0.02,128,5,0.9999623509195723,0.0050092240247048,4.240222530307713,0.10314867348149291,in,0.9998117602676744,0.005046118734419791,4.2904517734113075,0.1762254932429561,in,0.9995106016422769,0.0051199025976421675,4.383051124040233,0.2498663676222762,in,0,0.9972904566786902,0.542,0.8719,0.220,0.4619787706614782,15.686274509803917,256
0.02,256,5,0.9999905876413006,0.005002306027881376,4.197050797667113,0.05319701752789082,in,0.9999529385608728,0.005011530052586172,4.209137691639919,0.09164283518045872,in,0.999877641817484,0.005029977754716447,4.233348754768084,0.13227300521883217,in,0,0.9972904566786902,0.542,0.8712,1.624,0.46182293775085265,15.686274509803935,512
0.02,32,8,0.9993977281025862,0.005147556614866378,7.4216681528189,0.5439659127187897,in,0.9969900914386847,0.005737427597522271,8.132765246957197,0.808624295961146,in,0.9921806183184889,0.0069157485119702156,8.682759983165376,0.9295001429858838,in,0,0.9987954562051724,0.241,0.7186,0.005,0.7391909461754221,15.686274509803917,64
0.02,64,8,0.9998494093481021,0.005036894709714995,6.964162205331107,0.3092585427750817,in,0.9992471374506884,0.005184451324581341,7.251809513667002,0.5118050949072699,in,0.9980429564419313,0.0054794756717268245,7.665640232607814,0.6823782787518748,in,0,0.9972904566786902,0.542,0.8734,0.032,0.7381977280223052,15.686274509803928,128
0.02,128,8,0.9999623509195723,0.0050092240247048,6.786762832108272,0.16471112855867856,in,0.9998117602676744,0.005046118734419791,6.8669705074859655,0.2814025512219992,in,0.9995106016422769,0.0051199025976421675,7.014836137077687,0.39899467449096193,in,0,0.9972904566786902,0.542,0.8724,0.175,0.7377026006975819,15.686274509803917,256
0.02,256,8,0.9999905876413006,0.005002306027881376,6.717824817056167,0.08494671329483276,in,0.9999529385608728,0.005011530052586172,6.737125559177627,0.1463382348741364,in,0.999877641817484,0.005029977754716447,6.775786565634146,0.21121780079266686,in,0,0.9972904566786902,0.542,0.8716,1.259,0.737453761679982,15.686274509803935,512
0.02,32,18,0.9993977281025862,0.005147556614866378,16.71588426258825,1.2078103471950286,out:alpha+cl,0.9969900914386847,0.005737427597522271,18.29478913158608,1.7954521943731925,out:alpha+cl,0.9921806183184889,0.0069157485119702156,19.51598575027653,2.063842355132981,out:alpha+cl,1,0.9987954562051724,0.241,0.7207,0.005,1.6412838607501203,15.686274509803917,64
0.02,64,18,0.9998494093481021,0.005036894709714995,15.700047783943553,0.6866710931486235,out:alpha,0.9992471374506884,0.005184451324581341,16.338733751625636,1.1364011511061394,out:alpha+cl,0.9980429564419313,0.0054794756717268245,17.257594681395453,1.5151382219122997,out:alpha+cl,1,0.9972904566786902,0.542,0.8764,0.033,1.6390785402800185,15.686274509803928,128
0.02,128,18,0.9999623509195723,0.0050092240247048,15.30615398737541,0.36572108788402513,out:alpha,0.9998117602676744,0.005046118734419791,15.484245404467025,0.6248202417578974,out:alpha,0.9995106016422769,0.0051199025976421675,15.812563104601521,0.8859192921064991,out:alpha,1,0.9972904566786902,0.542,0.8754,0.227,1.637979170095238,15.686274509803917,256
0.02,256,18,0.9999905876413006,0.005002306027881376,15.15308548446358,0.18861387612489736,out:alpha,0.9999529385608728,0.005011530052586172,15.195940441911553,0.324926305377909,out:alpha,0.999877641817484,0.005029977754716447,15.281782518665592,0.4689835141214895,out:alpha,1,0.9972904566786902,0.542,0.8748,1.643,1.6374266532311943,15.686274509803935,512
0.05,32,5,0.9993977281025862,0.012643039575635784,4.16149740735152,0.22215997413896368,in,0.9969900914386847,0.0132148532833124,4.402649692369083,0.3593124360624567,in,0.9921806183184889,0.014357103149358896,4.712909419546032,0.46051679509617555,in,0,0.9951847266721968,0.385,0.7964,0.028,0.4640686029651551,15.238095238095234,64
0.05,64,5,0.9998494093481021,0.012535765279825778,4.017443870645955,0.12046174591478621,in,0.9992471374506884,0.012678804855461523,4.09250811503482,0.20450727279948647,in,0.9980429564419313,0.012964797845041315,4.221088521622225,0.28619080818129405,in,0,0.99247953459871,0.602,0.8901,0.061,0.46339052907502803,15.238095238095234,128
0.05,128,5,0.9999623509195723,0.012508941656601574,3.963335120253083,0.06267634485761257,in,0.9998117602676744,0.012544706936427341,3.981687181251355,0.10779966229202484,in,0.9995106016422769,0.012616232109959241,4.018117058640335,0.15504315362827123,in,0,0.99247953459871,0.602,0.8893,0.225,0.463049170802493,15.23809523809523,256
0.05,256,5,0.9999905876413006,0.012502235435191134,3.940562297573692,0.03195814610532292,in,0.9999529385608728,0.012511177091792725,3.9449882608445517,0.05514739646445181,in,0.999877641817484,0.012529060068347558,3.9538777876434823,0.07989265583345966,in,0,0.99247953459871,0.602,0.8885,1.280,0.4628765348184583,15.23809523809523,512
0.05,32,8,0.9993977281025862,0.012643039575635784,6.661052016734963,0.3547522117922436,in,0.9969900914386847,0.0132148532833124,7.046131763076755,0.5737616864227921,in,0.9921806183184889,0.014357103149358896,7.541564501906825,0.735368070963378,in,0,0.9951847266721968,0.385,0.7966,0.006,0.7410397123212108,15.238095238095234,64
0.05,64,8,0.9998494093481021,0.012535765279825778,6.431022683319463,0.19235720100009995,in,0.9992471374506884,0.012678804855461523,6.550887689726087,0.3265638089597409,in,0.9980429564419313,0.012964797845041315,6.756209029930662,0.45699871270878684,in,0,0.99247953459871,0.602,0.8905,0.033,0.7399569420642661,15.238095238095234,128
0.05,128,8,0.9999623509195723,0.012508941656601574,6.344620085580625,0.10008360890150035,in,0.9998117602676744,0.012544706936427341,6.37392524847202,0.17213797749468496,in,0.9995106016422769,0.012616232109959241,6.432097651620482,0.24757790815401098,in,0,0.99247953459871,0.602,0.8897,0.178,0.7394118501652202,15.23809523809523,256
0.05,256,8,0.9999905876413006,0.012502235435191134,6.308255707858814,0.05103179841275734,in,0.9999529385608728,0.012511177091792725,6.315323228755602,0.08806114128421139,in,0.999877641817484,0.012529060068347558,6.329518311852413,0.12757516952692832,in,0,0.99247953459871,0.602,0.8889,1.270,0.7391361794580711,15.23809523809523,512
0.05,32,18,0.9993977281025862,0.012643039575635784,15.02702836569198,0.7876842685811801,out:alpha,0.9969900914386847,0.0132148532833124,15.882051247185139,1.273968249631425,out:alpha+cl,0.9921806183184889,0.014357103149358896,16.98209956695448,1.6327956299084772,out:alpha+cl,1,0.9951847266721968,0.385,0.7982,0.008,1.6453888217931139,15.238095238095234,64
0.05,64,18,0.9998494093481021,0.012535765279825778,14.516276124491842,0.4271058393423653,out:alpha,0.9992471374506884,0.012678804855461523,14.782421836234892,0.7250953382531153,out:alpha,0.9980429564419313,0.012964797845041315,15.238312974632855,1.014710225325879,out:alpha+cl,1,0.99247953459871,0.602,0.8928,0.032,1.6429846617356652,15.238095238095234,128
0.05,128,18,0.9999623509195723,0.012508941656601574,14.324429633501545,0.22222351730032763,out:alpha,0.9998117602676744,0.012544706936427341,14.38949819412056,0.38221150535729814,out:alpha,0.9995106016422769,0.012616232109959241,14.518662961252158,0.5497167234445824,out:alpha,1,0.99247953459871,0.602,0.8921,0.174,1.641774351272369,15.23809523809523,256
0.05,256,18,0.9999905876413006,0.012502235435191134,14.243686942360673,0.11330992019487633,out:alpha,0.9999529385608728,0.012511177091792725,14.259379515495505,0.19552908581582126,out:alpha,0.999877641817484,0.012529060068347558,14.290897976198206,0.2832651940075534,out:alpha,1,0.99247953459871,0.602,0.8914,1.249,1.6411622578953236,15.23809523809523,512
0.1,32,5,0.9993977281025862,0.02513551117691809,3.874089821540724,0.15596294512650546,in,0.9969900914386847,0.02567722942629594,4.007437678194527,0.260560505693663,in,0.9921806183184889,0.026759360878339994,4.209348722172874,0.3532752465037923,in,0,0.989176509964781,0.433,0.8161,0.005,0.46459044210229716,14.545454545454547,64
0.1,64,5,0.9998494093481021,0.025033882896677018,3.7929626718192844,0.08260029833368901,in,0.9992471374506884,0.025169394073595114,3.8282969529287794,0.14147691093334655,in,0.9980429564419313,0.025440334800565456,3.8954996097933385,0.20163791340839796,in,0,0.9852776423889412,0.589,0.8811,0.032,0.4638169906611051,14.545454545454538,128
0.1,128,5,0.9999623509195723,0.025008471043096225,3.760943529727829,0.04248586544818676,in,0.9998117602676744,0.02504235393977325,3.7694113764854045,0.07323754669933082,in,0.9995106016422769,0.025110114630487707,3.786426868970042,0.10585214868538151,in,0,0.9852776423889412,0.589,0.8805,0.174,0.4634237499971443,14.545454545454565,256
0.1,256,5,0.9999905876413006,0.025002117780707378,3.7468285014886957,0.02154212549652255,in,0.9999529385608728,0.025010588823803637,3.7488886869179376,0.037194282361135644,in,0.999877641817484,0.025027530591066105,3.7530213603641123,0.05395070844742551,in,0,0.984210092386929,0.632,0.8929,1.600,0.4632238961748837,14.545454545454533,512
0.1,32,8,0.9993977281025862,0.02513551117691809,6.202110314263964,0.2490466608834392,in,0.9969900914386847,0.02567722942629594,6.415044472494033,0.4160714190699067,in,0.9921806183184889,0.026759360878339994,6.737462539538786,0.5641213074245227,in,0,0.989176509964781,0.433,0.8162,0.005,0.741873001885717,14.545454545454547,64
0.1,64,8,0.9998494093481021,0.025033882896677018,6.0725638650818565,0.13189882039798134,in,0.9992471374506884,0.025169394073595114,6.128986784756159,0.22591489428129374,in,0.9980429564419313,0.025440334800565456,6.236298154652642,0.3219819233416827,in,0,0.9852776423889412,0.589,0.8813,0.032,0.740637929679122,14.545454545454538,128
0.1,128,8,0.9999623509195723,0.025008471043096225,6.021434666311267,0.0678428001986723,in,0.9998117602676744,0.02504235393977325,6.034956397118113,0.1169480766214611,in,0.9995106016422769,0.025110114630487707,6.062127284299995,0.1690281249565313,in,0,0.9852776423889412,0.589,0.8807,0.215,0.7400099903041416,14.545454545454565,256
0.1,256,8,0.9999905876413006,0.025002117780707378,5.998895333982194,0.0343991607678943,in,0.9999529385608728,0.025010588823803637,6.002185104520585,0.05939302966152047,in,0.999877641817484,0.025027530591066105,6.008784290766007,0.08615023126312987,in,0,0.984210092386929,0.632,0.8932,1.237,0.7396908572750853,14.545454545454533,512
0.1,32,18,0.9993977281025862,0.02513551117691809,14.008003967208532,0.5529779107774577,out:alpha,0.9969900914386847,0.02567722942629594,14.48079844489206,0.9238361326963231,out:alpha,0.9921806183184889,0.026759360878339994,15.196688665940906,1.252562957070363,out:alpha+cl,1,0.989176509964781,0.433,0.8172,0.005,1.6472390402253492,14.545454545454547,64
0.1,64,18,0.9998494093481021,0.025033882896677018,13.720361785766567,0.2928653364753341,out:alpha,0.9992471374506884,0.025169394073595114,13.845642036988414,0.5016166280247735,out:alpha,0.9980429564419313,0.025440334800565456,14.083913921130684,0.7149218168434832,out:alpha,1,0.9852776423889412,0.589,0.8828,0.032,1.6444967121570295,14.545454545454538,128
0.1,128,18,0.9999623509195723,0.025008471043096225,13.606835599887898,0.1506367111370854,out:alpha,0.9998117602676744,0.02504235393977325,13.636858963482336,0.2596690228657385,out:alpha,0.9995106016422769,0.025110114630487707,13.697188623693451,0.3753064549009945,out:alpha,1,0.9852776423889412,0.589,0.8823,0.170,1.6431024489196118,14.545454545454565,256
0.1,256,18,0.9999905876413006,0.025002117780707378,13.556789745599279,0.07637916519921101,out:alpha,0.9999529385608728,0.025010588823803637,13.564094282157761,0.13187502028924064,out:alpha,0.999877641817484,0.025027530591066105,13.578746974990274,0.19128614183338455,out:alpha,1,0.984210092386929,0.632,0.8950,1.252,1.6423938527270663,14.545454545454533,512
0.25,32,5,0.9993977281025862,0.0626129259807651,3.542591957465678,0.09426991873836431,in,0.9969900914386847,0.06306435785524661,3.594264128626235,0.16080067995086664,in,0.9921806183184889,0.06396613406528334,3.6875038836171643,0.2270812036190574,in,0,0.9569403357322088,0.689,0.8963,0.028,0.4599316536884128,12.8,64
0.25,64,5,0.9998494093481021,0.06252823574723088,3.505222938730495,0.04892525249015842,in,0.9992471374506884,0.06264116172799594,3.5176151616346196,0.08425063687732683,in,0.9980429564419313,0.06286694566713788,3.5424947647155274,0.12147560779947067,in,0,0.9569403357322088,0.689,0.8972,0.061,0.4589064704186678,12.799999999999988,128
0.25,128,5,0.9999623509195723,0.0625070592025802,3.489327267231113,0.024918127431356643,in,0.9998117602676744,0.06253529494981105,3.4923175764168723,0.04301214446016553,in,0.9995106016422769,0.06259176219207307,3.4983290425426548,0.0623517201997832,in,0,0.9569403357322088,0.689,0.8968,0.225,0.45838043084725666,12.8,256
0.25,256,5,0.9999905876413006,0.06250176481725614,3.4820134867529315,0.012573772704646883,in,0.9999529385608728,0.06250882401983637,3.48274804893899,0.021716996869985915,in,0.999877641817484,0.06252294215922177,3.4842195460694194,0.03152424894615619,in,0,0.9569403357322088,0.689,0.8962,1.644,0.4581127269073104,12.799999999999997,512
0.25,32,8,0.9993977281025862,0.0626129259807651,5.672763833464172,0.15053324662790576,in,0.9969900914386847,0.06306435785524661,5.755275622900459,0.25677171187724673,in,0.9921806183184889,0.06396613406528334,5.904163870831669,0.3626105897451883,in,0,0.9569403357322088,0.689,0.8964,0.005,0.7344336982915252,12.8,64
0.25,64,8,0.9998494093481021,0.06252823574723088,5.613091779124969,0.07812542110992991,in,0.9992471374506884,0.06264116172799594,5.632880080331359,0.13453413421105953,in,0.9980429564419313,0.06286694566713788,5.672608632946103,0.19397616835656317,in,0,0.9569403357322088,0.689,0.8973,0.032,0.7327966525822602,12.799999999999988,128
0.25,128,8,0.9999623509195723,0.0625070592025802,5.5877090582087225,0.039790069540003505,in,0.9998117602676744,0.06253529494981105,5.592484080359846,0.06868317949851195,in,0.9995106016422769,0.06259176219207307,5.602083383350871,0.09956523777810777,in,0,0.9569403357322088,0.689,0.8968,0.171,0.7319566556288413,12.8,256
0.25,256,8,0.9999905876413006,0.06250176481725614,5.57603017765782,0.020078205783172622,in,0.9999529385608728,0.06250882401983637,5.5772031502475015,0.03467840101697929,in,0.999877641817484,0.06252294215922177,5.579552884323865,0.050338937434980656,in,0,0.9569403357322088,0.689,0.8963,1.244,0.731529177343568,12.799999999999997,512
0.25,32,18,0.9993977281025862,0.0626129259807651,12.832654295818807,0.33424082028470364,out:alpha,0.9969900914386847,0.06306435785524661,13.015861718777685,0.5701304497597186,out:alpha,0.9921806183184889,0.06396613406528334,13.346450018931035,0.805132843908809,out:alpha,1,0.9569403357322088,0.689,0.8967,0.005,1.630720968693843,12.8,64
0.25,64,18,0.9998494093481021,0.06252823574723088,12.700159735067638,0.17346802398686922,out:alpha,0.9992471374506884,0.06264116172799594,12.744097258341938,0.298716731235776,out:alpha,0.9980429564419313,0.06286694566713788,12.832309691888273,0.43070056003935525,out:alpha,1,0.9569403357322088,0.689,0.8977,0.031,1.627086107206662,12.799999999999988,128
0.25,128,18,0.9999623509195723,0.0625070592025802,12.643800481214004,0.08834902441923899,out:alpha,0.9998117602676744,0.06253529494981105,12.654402838875285,0.15250267146691882,out:alpha,0.9995106016422769,0.06259176219207307,12.67571692714317,0.2210725370791751,out:alpha,1,0.9569403357322088,0.689,0.8973,0.169,1.6252209958306927,12.8,256
0.25,256,18,0.9999905876413006,0.06250176481725614,12.617868943145957,0.044581221232815806,out:alpha,0.9999529385608728,0.06250882401983637,12.620473386546042,0.07699918431127707,out:alpha,0.999877641817484,0.06252294215922177,12.625690686130842,0.11177150641092476,out:alpha,1,0.9569403357322088,0.689,0.8969,1.246,1.624271832134804,12.799999999999997,512
1,32,5,0.9993977281025862,0.25,3.076624186699987,0.040314505932405674,in,0.9969900914386847,0.25,3.086149041574413,0.06951135345617673,in,0.9921806183184889,0.25,3.1056637732062633,0.10044420628329906,in,0,0.773010453362737,0.908,0.8994,0.005,0.40274370443465135,8,64
1,64,5,0.9998494093481021,0.25,3.0661787883531577,0.02058808393679548,in,0.9992471374506884,0.25,3.0684563958323103,0.03554936697282008,in,0.9980429564419313,0.25,3.073057605565003,0.0515625572097652,in,0,0.7883464276266062,0.847,0.8904,0.031,0.4011422254527227,8.000000000000004,128
1,128,5,0.9999623509195723,0.25,3.061422573709444,0.01040369874263629,in,0.9998117602676744,0.25,3.0619806897206363,0.017970376306563902,in,0.9995106016422769,0.25,3.0631000328746243,0.02608939961434236,in,0,0.7807372285720945,0.877,0.8968,0.218,0.400330961093602,8.000000000000002,256
1,256,5,0.9999905876413006,0.25,3.0591556905357136,0.0052295073825550905,in,0.9999529385608728,0.25,3.0592939470928933,0.00903375468306283,in,0.999877641817484,0.25,3.059570658399386,0.013118241676620568,in,0,0.7768884656732323,0.892,0.8998,1.617,0.3999227829962956,7.9999999999999964,512
1,32,8,0.9993977281025862,0.25,4.928691468747276,0.06437550329334564,in,0.9969900914386847,0.25,4.943901064205658,0.11099797107388223,in,0.9921806183184889,0.25,4.975062817063087,0.16039254811232548,in,0,0.773010453362737,0.908,0.8991,0.005,0.6431141365015853,8,64
1,64,8,0.9998494093481021,0.25,4.912011919782865,0.032875716435643916,in,0.9992471374506884,0.25,4.915648876862743,0.05676637571776809,in,0.9980429564419313,0.25,4.922996236961875,0.0823367543443558,in,0,0.7883464276266062,0.847,0.8900,0.032,0.6405568432124593,8.000000000000004,128
1,128,8,0.9999623509195723,0.25,4.904417042842676,0.01661296169156829,in,0.9998117602676744,0.25,4.9053082604897185,0.028695676465576175,in,0.9995106016422769,0.25,4.907095663738865,0.041660394737579404,in,0,0.7807372285720945,0.877,0.8964,0.175,0.6392613901189768,8.000000000000002,256
1,256,8,0.9999905876413006,0.25,4.900797210679109,0.008350646050151445,in,0.9999529385608728,0.25,4.9010179832090675,0.01442539083390634,in,0.999877641817484,0.25,4.9014598447480555,0.020947631397793435,in,0,0.7768884656732323,0.892,0.8995,1.256,0.6386095981686678,7.9999999999999964,512
1,32,18,0.9993977281025862,0.25,11.180531837124297,0.1429379988076314,out:alpha,0.9969900914386847,0.25,11.214302899504816,0.24645753501469086,out:alpha,0.9921806183184889,0.25,11.283493793011,0.35613220367944487,out:alpha,1,0.773010453362737,0.908,0.8969,0.005,1.427956955265259,8,64
1,64,18,0.9998494093481021,0.25,11.143496921232163,0.07299654179424249,out:alpha,0.9992471374506884,0.25,11.151572343405824,0.12604285371852977,out:alpha,0.9980429564419313,0.25,11.16788626555575,0.1828187787622985,out:alpha,1,0.773010453362737,0.908,0.8987,0.031,1.4222787956173863,8.000000000000004,128
1,128,18,0.9999623509195723,0.25,11.12663341795074,0.036887066927305485,out:alpha,0.9998117602676744,0.25,11.128612258665807,0.06371526991765965,out:alpha,0.9995106016422769,0.25,11.13258097083817,0.0925018547224487,out:alpha,1,0.773010453362737,0.908,0.8996,0.174,1.4194023991115938,8.000000000000002,256
1,256,18,0.9999905876413006,0.25,11.118596019577465,0.018541596944421583,out:alpha,0.9999529385608728,0.25,11.11908621820889,0.03202983110548604,out:alpha,0.999877641817484,0.25,11.12006731817529,0.04651167538242773,out:alpha,1,0.7768884656732323,0.892,0.8974,1.644,1.417955174123054,7.9999999999999964,512
