run,load_start,load_end,wall_s,build_s,part,part_s,exit
1,1.63,12.97,57,5,Analysis,4,0
1,1.63,12.97,57,5,Cli,2,0
1,1.63,12.97,57,5,Core.part1of2,38,0
1,1.63,12.97,57,5,Core.part2of2,38,0
1,1.63,12.97,57,5,Desktop,51,0
2,12.97,16.41,51,1,Analysis,3,0
2,12.97,16.41,51,1,Cli,1,0
2,12.97,16.41,51,1,Core.part1of2,39,0
2,12.97,16.41,51,1,Core.part2of2,39,0
2,12.97,16.41,51,1,Desktop,50,0
3,16.41,19.17,50,0,Analysis,4,0
3,16.41,19.17,50,0,Cli,2,0
3,16.41,19.17,50,0,Core.part1of2,40,0
3,16.41,19.17,50,0,Core.part2of2,40,0
3,16.41,19.17,50,0,Desktop,50,0
